country_code,country,indicator,year,value
TGO,Togo,NY.GDP.PCAP.CD,2010,704.986772286079
SLE,Sierra Leone,NY.GDP.PCAP.CD,2010,685.039673490948
SEN,Senegal,NY.GDP.PCAP.CD,2010,1275.88357492357
NGA,Nigeria,NY.GDP.PCAP.CD,2010,2202.25672957344
NER,Niger,NY.GDP.PCAP.CD,2010,474.425692340831
MRT,Mauritania,NY.GDP.PCAP.CD,2010,1659.96369705455
MLI,Mali,NY.GDP.PCAP.CD,2010,797.151541135109
LBR,Liberia,NY.GDP.PCAP.CD,2010,492.252808033724
GNB,Guinea-Bissau,NY.GDP.PCAP.CD,2010,600.194298540768
GIN,Guinea,NY.GDP.PCAP.CD,2010,659.235326211315
GHA,Ghana,NY.GDP.PCAP.CD,2010,1263.89251760539
GMB,"Gambia, The",NY.GDP.PCAP.CD,2010,801.033372714536
CIV,Cote d'Ivoire,NY.GDP.PCAP.CD,2010,1553.54887048143
CPV,Cabo Verde,NY.GDP.PCAP.CD,2010,3579.46006137809
BFA,Burkina Faso,NY.GDP.PCAP.CD,2010,624.957252224766
BEN,Benin,NY.GDP.PCAP.CD,2010,973.244254931526
TGO,Togo,SP.POP.TOTL,2010,6732590.0
SLE,Sierra Leone,SP.POP.TOTL,2010,6222714.0
SEN,Senegal,SP.POP.TOTL,2010,12635413.0
NGA,Nigeria,SP.POP.TOTL,2010,166642886.0
NER,Niger,SP.POP.TOTL,2010,16548835.0
MRT,Mauritania,SP.POP.TOTL,2010,3390965.0
MLI,Mali,SP.POP.TOTL,2010,15945198.0
LBR,Liberia,SP.POP.TOTL,2010,4058890.0
GNB,Guinea-Bissau,SP.POP.TOTL,2010,1566347.0
GIN,Guinea,SP.POP.TOTL,2010,10396086.0
GHA,Ghana,SP.POP.TOTL,2010,25474995.0
GMB,"Gambia, The",SP.POP.TOTL,2010,1926630.0
CIV,Cote d'Ivoire,SP.POP.TOTL,2010,22488065.0
CPV,Cabo Verde,SP.POP.TOTL,2010,509784.0
BFA,Burkina Faso,SP.POP.TOTL,2010,16176498.0
BEN,Benin,SP.POP.TOTL,2010,9797484.0
TGO,Togo,SP.DYN.LE00.IN,2010,57.227
SLE,Sierra Leone,SP.DYN.LE00.IN,2010,51.927
SEN,Senegal,SP.DYN.LE00.IN,2010,64.221
NGA,Nigeria,SP.DYN.LE00.IN,2010,51.315
NER,Niger,SP.DYN.LE00.IN,2010,57.08
MRT,Mauritania,SP.DYN.LE00.IN,2010,65.661
MLI,Mali,SP.DYN.LE00.IN,2010,55.993
LBR,Liberia,SP.DYN.LE00.IN,2010,59.358
GNB,Guinea-Bissau,SP.DYN.LE00.IN,2010,56.999
GIN,Guinea,SP.DYN.LE00.IN,2010,56.431
GHA,Ghana,SP.DYN.LE00.IN,2010,61.297
GMB,"Gambia, The",SP.DYN.LE00.IN,2010,61.167
CIV,Cote d'Ivoire,SP.DYN.LE00.IN,2010,55.282
CPV,Cabo Verde,SP.DYN.LE00.IN,2010,72.507
BFA,Burkina Faso,SP.DYN.LE00.IN,2010,56.343
BEN,Benin,SP.DYN.LE00.IN,2010,58.387
TGO,Togo,SE.ADT.LITR.ZS,2010,57.2000007629395
SLE,Sierra Leone,SE.ADT.LITR.ZS,2010,
SEN,Senegal,SE.ADT.LITR.ZS,2010,
NGA,Nigeria,SE.ADT.LITR.ZS,2010,
NER,Niger,SE.ADT.LITR.ZS,2010,
MRT,Mauritania,SE.ADT.LITR.ZS,2010,
MLI,Mali,SE.ADT.LITR.ZS,2010,31.1000003814697
LBR,Liberia,SE.ADT.LITR.ZS,2010,59.4035765513495
GNB,Guinea-Bissau,SE.ADT.LITR.ZS,2010,
GIN,Guinea,SE.ADT.LITR.ZS,2010,25.3099994659424
GHA,Ghana,SE.ADT.LITR.ZS,2010,71.5
GMB,"Gambia, The",SE.ADT.LITR.ZS,2010,
CIV,Cote d'Ivoire,SE.ADT.LITR.ZS,2010,
CPV,Cabo Verde,SE.ADT.LITR.ZS,2010,
BFA,Burkina Faso,SE.ADT.LITR.ZS,2010,
BEN,Benin,SE.ADT.LITR.ZS,2010,
TGO,Togo,SH.DYN.MORT,2010,88.7
SLE,Sierra Leone,SH.DYN.MORT,2010,158.7
SEN,Senegal,SH.DYN.MORT,2010,63.0
NGA,Nigeria,SH.DYN.MORT,2010,135.1
NER,Niger,SH.DYN.MORT,2010,136.5
MRT,Mauritania,SH.DYN.MORT,2010,56.1
MLI,Mali,SH.DYN.MORT,2010,133.9
LBR,Liberia,SH.DYN.MORT,2010,104.4
GNB,Guinea-Bissau,SH.DYN.MORT,2010,114.2
GIN,Guinea,SH.DYN.MORT,2010,122.0
GHA,Ghana,SH.DYN.MORT,2010,66.5
GMB,"Gambia, The",SH.DYN.MORT,2010,73.1
CIV,Cote d'Ivoire,SH.DYN.MORT,2010,102.2
CPV,Cabo Verde,SH.DYN.MORT,2010,26.7
BFA,Burkina Faso,SH.DYN.MORT,2010,121.5
BEN,Benin,SH.DYN.MORT,2010,108.4
TGO,Togo,IT.NET.USER.ZS,2010,3.0
SLE,Sierra Leone,IT.NET.USER.ZS,2010,0.58
SEN,Senegal,IT.NET.USER.ZS,2010,8.0
NGA,Nigeria,IT.NET.USER.ZS,2010,11.5
NER,Niger,IT.NET.USER.ZS,2010,0.83
MRT,Mauritania,IT.NET.USER.ZS,2010,4.0
MLI,Mali,IT.NET.USER.ZS,2010,2.0
LBR,Liberia,IT.NET.USER.ZS,2010,2.3
GNB,Guinea-Bissau,IT.NET.USER.ZS,2010,2.45
GIN,Guinea,IT.NET.USER.ZS,2010,1.0
GHA,Ghana,IT.NET.USER.ZS,2010,7.8
GMB,"Gambia, The",IT.NET.USER.ZS,2010,9.2
CIV,Cote d'Ivoire,IT.NET.USER.ZS,2010,2.7
CPV,Cabo Verde,IT.NET.USER.ZS,2010,30.0
BFA,Burkina Faso,IT.NET.USER.ZS,2010,2.4
BEN,Benin,IT.NET.USER.ZS,2010,3.13
TGO,Togo,SL.UEM.TOTL.ZS,2010,2.383
SLE,Sierra Leone,SL.UEM.TOTL.ZS,2010,4.413
SEN,Senegal,SL.UEM.TOTL.ZS,2010,2.803
NGA,Nigeria,SL.UEM.TOTL.ZS,2010,3.746
NER,Niger,SL.UEM.TOTL.ZS,2010,0.722
MRT,Mauritania,SL.UEM.TOTL.ZS,2010,10.075
MLI,Mali,SL.UEM.TOTL.ZS,2010,1.405
LBR,Liberia,SL.UEM.TOTL.ZS,2010,2.266
GNB,Guinea-Bissau,SL.UEM.TOTL.ZS,2010,3.137
GIN,Guinea,SL.UEM.TOTL.ZS,2010,5.097
GHA,Ghana,SL.UEM.TOTL.ZS,2010,5.384
GMB,"Gambia, The",SL.UEM.TOTL.ZS,2010,9.723
CIV,Cote d'Ivoire,SL.UEM.TOTL.ZS,2010,6.618
CPV,Cabo Verde,SL.UEM.TOTL.ZS,2010,10.67
BFA,Burkina Faso,SL.UEM.TOTL.ZS,2010,3.723
BEN,Benin,SL.UEM.TOTL.ZS,2010,1.04
TGO,Togo,EG.ELC.ACCS.ZS,2010,30.8
SLE,Sierra Leone,EG.ELC.ACCS.ZS,2010,11.5
SEN,Senegal,EG.ELC.ACCS.ZS,2010,56.5
NGA,Nigeria,EG.ELC.ACCS.ZS,2010,48.0
NER,Niger,EG.ELC.ACCS.ZS,2010,13.6
MRT,Mauritania,EG.ELC.ACCS.ZS,2010,34.2
MLI,Mali,EG.ELC.ACCS.ZS,2010,27.0
LBR,Liberia,EG.ELC.ACCS.ZS,2010,5.3
GNB,Guinea-Bissau,EG.ELC.ACCS.ZS,2010,6.0
GIN,Guinea,EG.ELC.ACCS.ZS,2010,28.1
GHA,Ghana,EG.ELC.ACCS.ZS,2010,64.2
GMB,"Gambia, The",EG.ELC.ACCS.ZS,2010,46.8
CIV,Cote d'Ivoire,EG.ELC.ACCS.ZS,2010,58.4
CPV,Cabo Verde,EG.ELC.ACCS.ZS,2010,81.1
BFA,Burkina Faso,EG.ELC.ACCS.ZS,2010,13.1
BEN,Benin,EG.ELC.ACCS.ZS,2010,34.2
TGO,Togo,SI.POV.DDAY,2010,
SLE,Sierra Leone,SI.POV.DDAY,2010,
SEN,Senegal,SI.POV.DDAY,2010,
NGA,Nigeria,SI.POV.DDAY,2010,38.5
NER,Niger,SI.POV.DDAY,2010,
MRT,Mauritania,SI.POV.DDAY,2010,
MLI,Mali,SI.POV.DDAY,2010,
LBR,Liberia,SI.POV.DDAY,2010,
GNB,Guinea-Bissau,SI.POV.DDAY,2010,75.7
GIN,Guinea,SI.POV.DDAY,2010,
GHA,Ghana,SI.POV.DDAY,2010,
GMB,"Gambia, The",SI.POV.DDAY,2010,34.2
CIV,Cote d'Ivoire,SI.POV.DDAY,2010,
CPV,Cabo Verde,SI.POV.DDAY,2010,
BFA,Burkina Faso,SI.POV.DDAY,2010,
BEN,Benin,SI.POV.DDAY,2010,
TGO,Togo,NY.GDP.MKTP.KD.ZG,2010,5.85433399076879
SLE,Sierra Leone,NY.GDP.MKTP.KD.ZG,2010,6.35566595800495
SEN,Senegal,NY.GDP.MKTP.KD.ZG,2010,3.39088925336209
NGA,Nigeria,NY.GDP.MKTP.KD.ZG,2010,8.00565591628701
NER,Niger,NY.GDP.MKTP.KD.ZG,2010,8.57816674262253
MRT,Mauritania,NY.GDP.MKTP.KD.ZG,2010,2.62022948104543
MLI,Mali,NY.GDP.MKTP.KD.ZG,2010,5.57678859838062
LBR,Liberia,NY.GDP.MKTP.KD.ZG,2010,6.09982524004147
GNB,Guinea-Bissau,NY.GDP.MKTP.KD.ZG,2010,5.60536311358261
GIN,Guinea,NY.GDP.MKTP.KD.ZG,2010,4.81336016967553
GHA,Ghana,NY.GDP.MKTP.KD.ZG,2010,7.89971194051621
GMB,"Gambia, The",NY.GDP.MKTP.KD.ZG,2010,5.90833580968288
CIV,Cote d'Ivoire,NY.GDP.MKTP.KD.ZG,2010,6.84804939907013
CPV,Cabo Verde,NY.GDP.MKTP.KD.ZG,2010,1.83641914989978
BFA,Burkina Faso,NY.GDP.MKTP.KD.ZG,2010,8.44628157707625
BEN,Benin,NY.GDP.MKTP.KD.ZG,2010,2.11406472648392
TGO,Togo,NY.GDP.PCAP.CD,2011,783.988944671672
SLE,Sierra Leone,NY.GDP.PCAP.CD,2011,761.146365577281
SEN,Senegal,NY.GDP.PCAP.CD,2011,1374.67591873844
NGA,Nigeria,NY.GDP.PCAP.CD,2011,2418.41316975875
NER,Niger,NY.GDP.PCAP.CD,2011,510.75956176268
MRT,Mauritania,NY.GDP.PCAP.CD,2011,1931.19975525465
MLI,Mali,NY.GDP.PCAP.CD,2011,938.292902583696
LBR,Liberia,NY.GDP.PCAP.CD,2011,568.087865520004
GNB,Guinea-Bissau,NY.GDP.PCAP.CD,2011,719.539573498937
GIN,Guinea,NY.GDP.PCAP.CD,2011,636.694958747648
GHA,Ghana,NY.GDP.PCAP.CD,2011,1507.43573198753
GMB,"Gambia, The",NY.GDP.PCAP.CD,2011,710.608411468152
CIV,Cote d'Ivoire,NY.GDP.PCAP.CD,2011,1596.62826565998
CPV,Cabo Verde,NY.GDP.PCAP.CD,2011,4002.01386888785
BFA,Burkina Faso,NY.GDP.PCAP.CD,2011,725.024767725475
BEN,Benin,NY.GDP.PCAP.CD,2011,1059.41358852588
TGO,Togo,SP.POP.TOTL,2011,6916474.0
SLE,Sierra Leone,SP.POP.TOTL,2011,6387251.0
SEN,Senegal,SP.POP.TOTL,2011,12958897.0
NGA,Nigeria,SP.POP.TOTL,2011,171379598.0
NER,Niger,SP.POP.TOTL,2011,17176283.0
MRT,Mauritania,SP.POP.TOTL,2011,3502811.0
MLI,Mali,SP.POP.TOTL,2011,16469049.0
LBR,Liberia,SP.POP.TOTL,2011,4221178.0
GNB,Guinea-Bissau,SP.POP.TOTL,2011,1608076.0
GIN,Guinea,SP.POP.TOTL,2011,10656810.0
GHA,Ghana,SP.POP.TOTL,2011,26095088.0
GMB,"Gambia, The",SP.POP.TOTL,2011,1983784.0
CIV,Cote d'Ivoire,SP.POP.TOTL,2011,22982000.0
CPV,Cabo Verde,SP.POP.TOTL,2011,511447.0
BFA,Burkina Faso,SP.POP.TOTL,2011,16661908.0
BEN,Benin,SP.POP.TOTL,2011,10093623.0
TGO,Togo,SP.DYN.LE00.IN,2011,57.612
SLE,Sierra Leone,SP.DYN.LE00.IN,2011,52.594
SEN,Senegal,SP.DYN.LE00.IN,2011,64.799
NGA,Nigeria,SP.DYN.LE00.IN,2011,51.49
NER,Niger,SP.DYN.LE00.IN,2011,57.6
MRT,Mauritania,SP.DYN.LE00.IN,2011,65.754
MLI,Mali,SP.DYN.LE00.IN,2011,56.367
LBR,Liberia,SP.DYN.LE00.IN,2011,59.486
GNB,Guinea-Bissau,SP.DYN.LE00.IN,2011,57.663
GIN,Guinea,SP.DYN.LE00.IN,2011,56.778
GHA,Ghana,SP.DYN.LE00.IN,2011,61.617
GMB,"Gambia, The",SP.DYN.LE00.IN,2011,61.561
CIV,Cote d'Ivoire,SP.DYN.LE00.IN,2011,55.972
CPV,Cabo Verde,SP.DYN.LE00.IN,2011,72.913
BFA,Burkina Faso,SP.DYN.LE00.IN,2011,57.001
BEN,Benin,SP.DYN.LE00.IN,2011,58.462
TGO,Togo,SE.ADT.LITR.ZS,2011,60.4099998474121
SLE,Sierra Leone,SE.ADT.LITR.ZS,2011,
SEN,Senegal,SE.ADT.LITR.ZS,2011,51.810001373291
NGA,Nigeria,SE.ADT.LITR.ZS,2011,
NER,Niger,SE.ADT.LITR.ZS,2011,
MRT,Mauritania,SE.ADT.LITR.ZS,2011,
MLI,Mali,SE.ADT.LITR.ZS,2011,30.6200008392334
LBR,Liberia,SE.ADT.LITR.ZS,2011,
GNB,Guinea-Bissau,SE.ADT.LITR.ZS,2011,
GIN,Guinea,SE.ADT.LITR.ZS,2011,
GHA,Ghana,SE.ADT.LITR.ZS,2011,
GMB,"Gambia, The",SE.ADT.LITR.ZS,2011,
CIV,Cote d'Ivoire,SE.ADT.LITR.ZS,2011,
CPV,Cabo Verde,SE.ADT.LITR.ZS,2011,
BFA,Burkina Faso,SE.ADT.LITR.ZS,2011,
BEN,Benin,SE.ADT.LITR.ZS,2011,44.6748575499254
TGO,Togo,SH.DYN.MORT,2011,85.9
SLE,Sierra Leone,SH.DYN.MORT,2011,151.7
SEN,Senegal,SH.DYN.MORT,2011,60.1
NGA,Nigeria,SH.DYN.MORT,2011,132.9
NER,Niger,SH.DYN.MORT,2011,133.1
MRT,Mauritania,SH.DYN.MORT,2011,54.5
MLI,Mali,SH.DYN.MORT,2011,129.9
LBR,Liberia,SH.DYN.MORT,2011,101.1
GNB,Guinea-Bissau,SH.DYN.MORT,2011,108.7
GIN,Guinea,SH.DYN.MORT,2011,120.1
GHA,Ghana,SH.DYN.MORT,2011,63.3
GMB,"Gambia, The",SH.DYN.MORT,2011,70.1
CIV,Cote d'Ivoire,SH.DYN.MORT,2011,99.1
CPV,Cabo Verde,SH.DYN.MORT,2011,25.6
BFA,Burkina Faso,SH.DYN.MORT,2011,116.8
BEN,Benin,SH.DYN.MORT,2011,106.2
TGO,Togo,IT.NET.USER.ZS,2011,3.5
SLE,Sierra Leone,IT.NET.USER.ZS,2011,0.9
SEN,Senegal,IT.NET.USER.ZS,2011,9.8
NGA,Nigeria,IT.NET.USER.ZS,2011,13.8
NER,Niger,IT.NET.USER.ZS,2011,0.9
MRT,Mauritania,IT.NET.USER.ZS,2011,4.5
MLI,Mali,IT.NET.USER.ZS,2011,2.2
LBR,Liberia,IT.NET.USER.ZS,2011,2.5
GNB,Guinea-Bissau,IT.NET.USER.ZS,2011,2.672
GIN,Guinea,IT.NET.USER.ZS,2011,2.0
GHA,Ghana,IT.NET.USER.ZS,2011,9.0
GMB,"Gambia, The",IT.NET.USER.ZS,2011,10.8703
CIV,Cote d'Ivoire,IT.NET.USER.ZS,2011,2.9
CPV,Cabo Verde,IT.NET.USER.ZS,2011,32.0
BFA,Burkina Faso,IT.NET.USER.ZS,2011,3.0
BEN,Benin,IT.NET.USER.ZS,2011,4.14832
TGO,Togo,SL.UEM.TOTL.ZS,2011,1.982
SLE,Sierra Leone,SL.UEM.TOTL.ZS,2011,4.54
SEN,Senegal,SL.UEM.TOTL.ZS,2011,2.853
NGA,Nigeria,SL.UEM.TOTL.ZS,2011,3.77
NER,Niger,SL.UEM.TOTL.ZS,2011,0.316
MRT,Mauritania,SL.UEM.TOTL.ZS,2011,9.968
MLI,Mali,SL.UEM.TOTL.ZS,2011,1.422
LBR,Liberia,SL.UEM.TOTL.ZS,2011,2.211
GNB,Guinea-Bissau,SL.UEM.TOTL.ZS,2011,3.08
GIN,Guinea,SL.UEM.TOTL.ZS,2011,5.094
GHA,Ghana,SL.UEM.TOTL.ZS,2011,4.227
GMB,"Gambia, The",SL.UEM.TOTL.ZS,2011,10.283
CIV,Cote d'Ivoire,SL.UEM.TOTL.ZS,2011,7.135
CPV,Cabo Verde,SL.UEM.TOTL.ZS,2011,10.948
BFA,Burkina Faso,SL.UEM.TOTL.ZS,2011,3.827
BEN,Benin,SL.UEM.TOTL.ZS,2011,2.647
TGO,Togo,EG.ELC.ACCS.ZS,2011,39.7
SLE,Sierra Leone,EG.ELC.ACCS.ZS,2011,14.2
SEN,Senegal,EG.ELC.ACCS.ZS,2011,56.5
NGA,Nigeria,EG.ELC.ACCS.ZS,2011,55.9
NER,Niger,EG.ELC.ACCS.ZS,2011,14.3
MRT,Mauritania,EG.ELC.ACCS.ZS,2011,35.3
MLI,Mali,EG.ELC.ACCS.ZS,2011,28.8
LBR,Liberia,EG.ELC.ACCS.ZS,2011,4.1
GNB,Guinea-Bissau,EG.ELC.ACCS.ZS,2011,13.5
GIN,Guinea,EG.ELC.ACCS.ZS,2011,29.5
GHA,Ghana,EG.ELC.ACCS.ZS,2011,64.1
GMB,"Gambia, The",EG.ELC.ACCS.ZS,2011,48.3
CIV,Cote d'Ivoire,EG.ELC.ACCS.ZS,2011,55.8
CPV,Cabo Verde,EG.ELC.ACCS.ZS,2011,82.3
BFA,Burkina Faso,EG.ELC.ACCS.ZS,2011,14.8
BEN,Benin,EG.ELC.ACCS.ZS,2011,36.9
TGO,Togo,SI.POV.DDAY,2011,65.2
SLE,Sierra Leone,SI.POV.DDAY,2011,53.7
SEN,Senegal,SI.POV.DDAY,2011,53.3
NGA,Nigeria,SI.POV.DDAY,2011,
NER,Niger,SI.POV.DDAY,2011,68.8
MRT,Mauritania,SI.POV.DDAY,2011,
MLI,Mali,SI.POV.DDAY,2011,
LBR,Liberia,SI.POV.DDAY,2011,
GNB,Guinea-Bissau,SI.POV.DDAY,2011,
GIN,Guinea,SI.POV.DDAY,2011,
GHA,Ghana,SI.POV.DDAY,2011,
GMB,"Gambia, The",SI.POV.DDAY,2011,
CIV,Cote d'Ivoire,SI.POV.DDAY,2011,
CPV,Cabo Verde,SI.POV.DDAY,2011,
BFA,Burkina Faso,SI.POV.DDAY,2011,
BEN,Benin,SI.POV.DDAY,2011,68.4
TGO,Togo,NY.GDP.MKTP.KD.ZG,2011,5.82325622135289
SLE,Sierra Leone,NY.GDP.MKTP.KD.ZG,2011,8.10065518714917
SEN,Senegal,NY.GDP.MKTP.KD.ZG,2011,1.33409107961258
NGA,Nigeria,NY.GDP.MKTP.KD.ZG,2011,5.30792420289453
NER,Niger,NY.GDP.MKTP.KD.ZG,2011,2.35775693603874
MRT,Mauritania,NY.GDP.MKTP.KD.ZG,2011,4.17278327815399
MLI,Mali,NY.GDP.MKTP.KD.ZG,2011,2.93537897086446
LBR,Liberia,NY.GDP.MKTP.KD.ZG,2011,8.20076822497064
GNB,Guinea-Bissau,NY.GDP.MKTP.KD.ZG,2011,8.08504167173554
GIN,Guinea,NY.GDP.MKTP.KD.ZG,2011,5.61211177430975
GHA,Ghana,NY.GDP.MKTP.KD.ZG,2011,14.0471235803149
GMB,"Gambia, The",NY.GDP.MKTP.KD.ZG,2011,-8.13044422315659
CIV,Cote d'Ivoire,NY.GDP.MKTP.KD.ZG,2011,-5.37044724000579
CPV,Cabo Verde,NY.GDP.MKTP.KD.ZG,2011,3.92471821338283
BFA,Burkina Faso,NY.GDP.MKTP.KD.ZG,2011,6.62256261306693
BEN,Benin,NY.GDP.MKTP.KD.ZG,2011,2.96375291904201
TGO,Togo,NY.GDP.PCAP.CD,2012,762.39162379069
SLE,Sierra Leone,NY.GDP.PCAP.CD,2012,937.504428180231
SEN,Senegal,NY.GDP.PCAP.CD,2012,1326.83798848379
NGA,Nigeria,NY.GDP.PCAP.CD,2012,2633.19734671361
NER,Niger,NY.GDP.PCAP.CD,2012,528.510104469655
MRT,Mauritania,NY.GDP.PCAP.CD,2012,1859.11733247641
MLI,Mali,NY.GDP.PCAP.CD,2012,872.506092465564
LBR,Liberia,NY.GDP.PCAP.CD,2012,638.368751462083
GNB,Guinea-Bissau,NY.GDP.PCAP.CD,2012,635.461653303881
GIN,Guinea,NY.GDP.PCAP.CD,2012,699.353377212197
GHA,Ghana,NY.GDP.PCAP.CD,2012,1543.77524235764
GMB,"Gambia, The",NY.GDP.PCAP.CD,2012,692.579361628102
CIV,Cote d'Ivoire,NY.GDP.PCAP.CD,2012,1546.9460184731
CPV,Cabo Verde,NY.GDP.PCAP.CD,2012,3736.81517011087
BFA,Burkina Faso,NY.GDP.PCAP.CD,2012,731.470138867833
BEN,Benin,NY.GDP.PCAP.CD,2012,1071.5258366283
TGO,Togo,SP.POP.TOTL,2012,7100736.0
SLE,Sierra Leone,SP.POP.TOTL,2012,6551080.0
SEN,Senegal,SP.POP.TOTL,2012,13310495.0
NGA,Nigeria,SP.POP.TOTL,2012,176200625.0
NER,Niger,SP.POP.TOTL,2012,17836769.0
MRT,Mauritania,SP.POP.TOTL,2012,3619034.0
MLI,Mali,SP.POP.TOTL,2012,16957033.0
LBR,Liberia,SP.POP.TOTL,2012,4373043.0
GNB,Guinea-Bissau,SP.POP.TOTL,2012,1651417.0
GIN,Guinea,SP.POP.TOTL,2012,10921581.0
GHA,Ghana,SP.POP.TOTL,2012,26734268.0
GMB,"Gambia, The",SP.POP.TOTL,2012,2043094.0
CIV,Cote d'Ivoire,SP.POP.TOTL,2012,23467078.0
CPV,Cabo Verde,SP.POP.TOTL,2012,511955.0
BFA,Burkina Faso,SP.POP.TOTL,2012,17172287.0
BEN,Benin,SP.POP.TOTL,2012,10397657.0
TGO,Togo,SP.DYN.LE00.IN,2012,57.94
SLE,Sierra Leone,SP.DYN.LE00.IN,2012,53.159
SEN,Senegal,SP.DYN.LE00.IN,2012,65.229
NGA,Nigeria,SP.DYN.LE00.IN,2012,51.688
NER,Niger,SP.DYN.LE00.IN,2012,57.987
MRT,Mauritania,SP.DYN.LE00.IN,2012,65.808
MLI,Mali,SP.DYN.LE00.IN,2012,56.696
LBR,Liberia,SP.DYN.LE00.IN,2012,59.785
GNB,Guinea-Bissau,SP.DYN.LE00.IN,2012,58.27
GIN,Guinea,SP.DYN.LE00.IN,2012,57.117
GHA,Ghana,SP.DYN.LE00.IN,2012,61.995
GMB,"Gambia, The",SP.DYN.LE00.IN,2012,61.9
CIV,Cote d'Ivoire,SP.DYN.LE00.IN,2012,56.57
CPV,Cabo Verde,SP.DYN.LE00.IN,2012,73.315
BFA,Burkina Faso,SP.DYN.LE00.IN,2012,57.457
BEN,Benin,SP.DYN.LE00.IN,2012,58.559
TGO,Togo,SE.ADT.LITR.ZS,2012,
SLE,Sierra Leone,SE.ADT.LITR.ZS,2012,
SEN,Senegal,SE.ADT.LITR.ZS,2012,
NGA,Nigeria,SE.ADT.LITR.ZS,2012,
NER,Niger,SE.ADT.LITR.ZS,2012,30.5599994659424
MRT,Mauritania,SE.ADT.LITR.ZS,2012,
MLI,Mali,SE.ADT.LITR.ZS,2012,
LBR,Liberia,SE.ADT.LITR.ZS,2012,
GNB,Guinea-Bissau,SE.ADT.LITR.ZS,2012,
GIN,Guinea,SE.ADT.LITR.ZS,2012,
GHA,Ghana,SE.ADT.LITR.ZS,2012,
GMB,"Gambia, The",SE.ADT.LITR.ZS,2012,
CIV,Cote d'Ivoire,SE.ADT.LITR.ZS,2012,
CPV,Cabo Verde,SE.ADT.LITR.ZS,2012,85.3300018310547
BFA,Burkina Faso,SE.ADT.LITR.ZS,2012,
BEN,Benin,SE.ADT.LITR.ZS,2012,
TGO,Togo,SH.DYN.MORT,2012,83.3
SLE,Sierra Leone,SH.DYN.MORT,2012,145.0
SEN,Senegal,SH.DYN.MORT,2012,57.7
NGA,Nigeria,SH.DYN.MORT,2012,130.9
NER,Niger,SH.DYN.MORT,2012,130.7
MRT,Mauritania,SH.DYN.MORT,2012,53.1
MLI,Mali,SH.DYN.MORT,2012,126.1
LBR,Liberia,SH.DYN.MORT,2012,98.2
GNB,Guinea-Bissau,SH.DYN.MORT,2012,103.7
GIN,Guinea,SH.DYN.MORT,2012,118.4
GHA,Ghana,SH.DYN.MORT,2012,60.2
GMB,"Gambia, The",SH.DYN.MORT,2012,67.3
CIV,Cote d'Ivoire,SH.DYN.MORT,2012,96.0
CPV,Cabo Verde,SH.DYN.MORT,2012,24.2
BFA,Burkina Faso,SH.DYN.MORT,2012,112.6
BEN,Benin,SH.DYN.MORT,2012,103.9
TGO,Togo,IT.NET.USER.ZS,2012,4.0
SLE,Sierra Leone,IT.NET.USER.ZS,2012,2.5
SEN,Senegal,IT.NET.USER.ZS,2012,10.8
NGA,Nigeria,IT.NET.USER.ZS,2012,16.1
NER,Niger,IT.NET.USER.ZS,2012,1.05
MRT,Mauritania,IT.NET.USER.ZS,2012,5.0
MLI,Mali,IT.NET.USER.ZS,2012,2.8
LBR,Liberia,IT.NET.USER.ZS,2012,2.6
GNB,Guinea-Bissau,IT.NET.USER.ZS,2012,2.89399
GIN,Guinea,IT.NET.USER.ZS,2012,3.1
GHA,Ghana,IT.NET.USER.ZS,2012,10.6
GMB,"Gambia, The",IT.NET.USER.ZS,2012,12.4492
CIV,Cote d'Ivoire,IT.NET.USER.ZS,2012,4.4
CPV,Cabo Verde,IT.NET.USER.ZS,2012,34.74
BFA,Burkina Faso,IT.NET.USER.ZS,2012,3.72503
BEN,Benin,IT.NET.USER.ZS,2012,4.5
TGO,Togo,SL.UEM.TOTL.ZS,2012,2.03
SLE,Sierra Leone,SL.UEM.TOTL.ZS,2012,4.552
SEN,Senegal,SL.UEM.TOTL.ZS,2012,3.888
NGA,Nigeria,SL.UEM.TOTL.ZS,2012,3.76
NER,Niger,SL.UEM.TOTL.ZS,2012,2.177
MRT,Mauritania,SL.UEM.TOTL.ZS,2012,9.864
MLI,Mali,SL.UEM.TOTL.ZS,2012,1.482
LBR,Liberia,SL.UEM.TOTL.ZS,2012,2.146
GNB,Guinea-Bissau,SL.UEM.TOTL.ZS,2012,3.143
GIN,Guinea,SL.UEM.TOTL.ZS,2012,4.884
GHA,Ghana,SL.UEM.TOTL.ZS,2012,3.141
GMB,"Gambia, The",SL.UEM.TOTL.ZS,2012,10.346
CIV,Cote d'Ivoire,SL.UEM.TOTL.ZS,2012,7.223
CPV,Cabo Verde,SL.UEM.TOTL.ZS,2012,11.142
BFA,Burkina Faso,SL.UEM.TOTL.ZS,2012,3.856
BEN,Benin,SL.UEM.TOTL.ZS,2012,2.406
TGO,Togo,EG.ELC.ACCS.ZS,2012,39.1
SLE,Sierra Leone,EG.ELC.ACCS.ZS,2012,17.2
SEN,Senegal,EG.ELC.ACCS.ZS,2012,56.5
NGA,Nigeria,EG.ELC.ACCS.ZS,2012,53.0
NER,Niger,EG.ELC.ACCS.ZS,2012,14.4
MRT,Mauritania,EG.ELC.ACCS.ZS,2012,36.4
MLI,Mali,EG.ELC.ACCS.ZS,2012,25.6
LBR,Liberia,EG.ELC.ACCS.ZS,2012,9.3
GNB,Guinea-Bissau,EG.ELC.ACCS.ZS,2012,14.9
GIN,Guinea,EG.ELC.ACCS.ZS,2012,26.2
GHA,Ghana,EG.ELC.ACCS.ZS,2012,56.5
GMB,"Gambia, The",EG.ELC.ACCS.ZS,2012,49.9
CIV,Cote d'Ivoire,EG.ELC.ACCS.ZS,2012,55.8
CPV,Cabo Verde,EG.ELC.ACCS.ZS,2012,83.2
BFA,Burkina Faso,EG.ELC.ACCS.ZS,2012,15.1
BEN,Benin,EG.ELC.ACCS.ZS,2012,38.4
TGO,Togo,SI.POV.DDAY,2012,
SLE,Sierra Leone,SI.POV.DDAY,2012,
SEN,Senegal,SI.POV.DDAY,2012,
NGA,Nigeria,SI.POV.DDAY,2012,37.4
NER,Niger,SI.POV.DDAY,2012,
MRT,Mauritania,SI.POV.DDAY,2012,
MLI,Mali,SI.POV.DDAY,2012,
LBR,Liberia,SI.POV.DDAY,2012,
GNB,Guinea-Bissau,SI.POV.DDAY,2012,
GIN,Guinea,SI.POV.DDAY,2012,21.3
GHA,Ghana,SI.POV.DDAY,2012,41.8
GMB,"Gambia, The",SI.POV.DDAY,2012,
CIV,Cote d'Ivoire,SI.POV.DDAY,2012,
CPV,Cabo Verde,SI.POV.DDAY,2012,
BFA,Burkina Faso,SI.POV.DDAY,2012,
BEN,Benin,SI.POV.DDAY,2012,
TGO,Togo,NY.GDP.MKTP.KD.ZG,2012,6.30271426865185
SLE,Sierra Leone,NY.GDP.MKTP.KD.ZG,2012,10.578331663387
SEN,Senegal,NY.GDP.MKTP.KD.ZG,2012,4.00299555090457
NGA,Nigeria,NY.GDP.MKTP.KD.ZG,2012,4.23006117493223
NER,Niger,NY.GDP.MKTP.KD.ZG,2012,10.5489445763446
MRT,Mauritania,NY.GDP.MKTP.KD.ZG,2012,4.47001319170479
MLI,Mali,NY.GDP.MKTP.KD.ZG,2012,-1.07239924132972
LBR,Liberia,NY.GDP.MKTP.KD.ZG,2012,7.99381444555367
GNB,Guinea-Bissau,NY.GDP.MKTP.KD.ZG,2012,-1.71286958446419
GIN,Guinea,NY.GDP.MKTP.KD.ZG,2012,5.91528626133322
GHA,Ghana,NY.GDP.MKTP.KD.ZG,2012,9.2927894063005
GMB,"Gambia, The",NY.GDP.MKTP.KD.ZG,2012,5.24156924630741
CIV,Cote d'Ivoire,NY.GDP.MKTP.KD.ZG,2012,7.62041176451649
CPV,Cabo Verde,NY.GDP.MKTP.KD.ZG,2012,1.08364848376166
BFA,Burkina Faso,NY.GDP.MKTP.KD.ZG,2012,6.45267237953146
BEN,Benin,NY.GDP.MKTP.KD.ZG,2012,4.811223315688
TGO,Togo,NY.GDP.PCAP.CD,2013,826.542799987227
SLE,Sierra Leone,NY.GDP.PCAP.CD,2013,1117.47183075115
SEN,Senegal,NY.GDP.PCAP.CD,2013,1379.83196553924
NGA,Nigeria,NY.GDP.PCAP.CD,2013,2872.79083379398
NER,Niger,NY.GDP.PCAP.CD,2013,552.103334363117
MRT,Mauritania,NY.GDP.PCAP.CD,2013,1934.24103064714
MLI,Mali,NY.GDP.PCAP.CD,2013,901.920957644831
LBR,Liberia,NY.GDP.PCAP.CD,2013,710.744570927863
GNB,Guinea-Bissau,NY.GDP.PCAP.CD,2013,654.304534409417
GIN,Guinea,NY.GDP.PCAP.CD,2013,748.455020824734
GHA,Ghana,NY.GDP.PCAP.CD,2013,2294.79584693743
GMB,"Gambia, The",NY.GDP.PCAP.CD,2013,653.862713272743
CIV,Cote d'Ivoire,NY.GDP.PCAP.CD,2013,1786.15862031324
CPV,Cabo Verde,NY.GDP.PCAP.CD,2013,3960.97596791345
BFA,Burkina Faso,NY.GDP.PCAP.CD,2013,759.762065168498
BEN,Benin,NY.GDP.PCAP.CD,2013,1168.92699279226
TGO,Togo,SP.POP.TOTL,2013,7285442.0
SLE,Sierra Leone,SP.POP.TOTL,2013,6714051.0
SEN,Senegal,SP.POP.TOTL,2013,13710849.0
NGA,Nigeria,SP.POP.TOTL,2013,181049443.0
NER,Niger,SP.POP.TOTL,2013,18519898.0
MRT,Mauritania,SP.POP.TOTL,2013,3734318.0
MLI,Mali,SP.POP.TOTL,2013,17459615.0
LBR,Liberia,SP.POP.TOTL,2013,4470239.0
GNB,Guinea-Bissau,SP.POP.TOTL,2013,1695973.0
GIN,Guinea,SP.POP.TOTL,2013,11191873.0
GHA,Ghana,SP.POP.TOTL,2013,27386193.0
GMB,"Gambia, The",SP.POP.TOTL,2013,2103820.0
CIV,Cote d'Ivoire,SP.POP.TOTL,2013,23939775.0
CPV,Cabo Verde,SP.POP.TOTL,2013,512225.0
BFA,Burkina Faso,SP.POP.TOTL,2013,17695409.0
BEN,Benin,SP.POP.TOTL,2013,10708834.0
TGO,Togo,SP.DYN.LE00.IN,2013,58.345
SLE,Sierra Leone,SP.DYN.LE00.IN,2013,54.051
SEN,Senegal,SP.DYN.LE00.IN,2013,65.638
NGA,Nigeria,SP.DYN.LE00.IN,2013,51.827
NER,Niger,SP.DYN.LE00.IN,2013,58.364
MRT,Mauritania,SP.DYN.LE00.IN,2013,65.89
MLI,Mali,SP.DYN.LE00.IN,2013,57.052
LBR,Liberia,SP.DYN.LE00.IN,2013,59.992
GNB,Guinea-Bissau,SP.DYN.LE00.IN,2013,58.879
GIN,Guinea,SP.DYN.LE00.IN,2013,57.459
GHA,Ghana,SP.DYN.LE00.IN,2013,62.397
GMB,"Gambia, The",SP.DYN.LE00.IN,2013,62.252
CIV,Cote d'Ivoire,SP.DYN.LE00.IN,2013,57.057
CPV,Cabo Verde,SP.DYN.LE00.IN,2013,73.481
BFA,Burkina Faso,SP.DYN.LE00.IN,2013,57.903
BEN,Benin,SP.DYN.LE00.IN,2013,58.863
TGO,Togo,SE.ADT.LITR.ZS,2013,
SLE,Sierra Leone,SE.ADT.LITR.ZS,2013,
SEN,Senegal,SE.ADT.LITR.ZS,2013,43.5299987792969
NGA,Nigeria,SE.ADT.LITR.ZS,2013,
NER,Niger,SE.ADT.LITR.ZS,2013,
MRT,Mauritania,SE.ADT.LITR.ZS,2013,62.0699996948242
MLI,Mali,SE.ADT.LITR.ZS,2013,
LBR,Liberia,SE.ADT.LITR.ZS,2013,
GNB,Guinea-Bissau,SE.ADT.LITR.ZS,2013,
GIN,Guinea,SE.ADT.LITR.ZS,2013,
GHA,Ghana,SE.ADT.LITR.ZS,2013,
GMB,"Gambia, The",SE.ADT.LITR.ZS,2013,
CIV,Cote d'Ivoire,SE.ADT.LITR.ZS,2013,
CPV,Cabo Verde,SE.ADT.LITR.ZS,2013,
BFA,Burkina Faso,SE.ADT.LITR.ZS,2013,
BEN,Benin,SE.ADT.LITR.ZS,2013,45.0800018310547
TGO,Togo,SH.DYN.MORT,2013,80.7
SLE,Sierra Leone,SH.DYN.MORT,2013,138.8
SEN,Senegal,SH.DYN.MORT,2013,55.7
NGA,Nigeria,SH.DYN.MORT,2013,129.3
NER,Niger,SH.DYN.MORT,2013,128.9
MRT,Mauritania,SH.DYN.MORT,2013,51.7
MLI,Mali,SH.DYN.MORT,2013,122.4
LBR,Liberia,SH.DYN.MORT,2013,95.4
GNB,Guinea-Bissau,SH.DYN.MORT,2013,99.3
GIN,Guinea,SH.DYN.MORT,2013,116.7
GHA,Ghana,SH.DYN.MORT,2013,57.4
GMB,"Gambia, The",SH.DYN.MORT,2013,64.5
CIV,Cote d'Ivoire,SH.DYN.MORT,2013,92.7
CPV,Cabo Verde,SH.DYN.MORT,2013,22.6
BFA,Burkina Faso,SH.DYN.MORT,2013,108.6
BEN,Benin,SH.DYN.MORT,2013,101.6
TGO,Togo,IT.NET.USER.ZS,2013,4.5
SLE,Sierra Leone,IT.NET.USER.ZS,2013,4.0
SEN,Senegal,IT.NET.USER.ZS,2013,13.1
NGA,Nigeria,IT.NET.USER.ZS,2013,19.1
NER,Niger,IT.NET.USER.ZS,2013,1.15
MRT,Mauritania,IT.NET.USER.ZS,2013,6.2
MLI,Mali,IT.NET.USER.ZS,2013,3.5
LBR,Liberia,IT.NET.USER.ZS,2013,3.2
GNB,Guinea-Bissau,IT.NET.USER.ZS,2013,3.1
GIN,Guinea,IT.NET.USER.ZS,2013,4.5
GHA,Ghana,IT.NET.USER.ZS,2013,15.0
GMB,"Gambia, The",IT.NET.USER.ZS,2013,14.0
CIV,Cote d'Ivoire,IT.NET.USER.ZS,2013,6.6
CPV,Cabo Verde,IT.NET.USER.ZS,2013,37.5
BFA,Burkina Faso,IT.NET.USER.ZS,2013,5.0
BEN,Benin,IT.NET.USER.ZS,2013,4.9
TGO,Togo,SL.UEM.TOTL.ZS,2013,2.085
SLE,Sierra Leone,SL.UEM.TOTL.ZS,2013,4.538
SEN,Senegal,SL.UEM.TOTL.ZS,2013,4.986
NGA,Nigeria,SL.UEM.TOTL.ZS,2013,3.711
NER,Niger,SL.UEM.TOTL.ZS,2013,1.397
MRT,Mauritania,SL.UEM.TOTL.ZS,2013,9.929
MLI,Mali,SL.UEM.TOTL.ZS,2013,1.516
LBR,Liberia,SL.UEM.TOTL.ZS,2013,2.08
GNB,Guinea-Bissau,SL.UEM.TOTL.ZS,2013,3.162
GIN,Guinea,SL.UEM.TOTL.ZS,2013,4.967
GHA,Ghana,SL.UEM.TOTL.ZS,2013,2.173
GMB,"Gambia, The",SL.UEM.TOTL.ZS,2013,9.454
CIV,Cote d'Ivoire,SL.UEM.TOTL.ZS,2013,4.255
CPV,Cabo Verde,SL.UEM.TOTL.ZS,2013,11.392
BFA,Burkina Faso,SL.UEM.TOTL.ZS,2013,4.055
BEN,Benin,SL.UEM.TOTL.ZS,2013,2.099
TGO,Togo,EG.ELC.ACCS.ZS,2013,41.0
SLE,Sierra Leone,EG.ELC.ACCS.ZS,2013,13.5
SEN,Senegal,EG.ELC.ACCS.ZS,2013,57.0
NGA,Nigeria,EG.ELC.ACCS.ZS,2013,55.6
NER,Niger,EG.ELC.ACCS.ZS,2013,15.2
MRT,Mauritania,EG.ELC.ACCS.ZS,2013,37.6
MLI,Mali,EG.ELC.ACCS.ZS,2013,32.4
LBR,Liberia,EG.ELC.ACCS.ZS,2013,9.8
GNB,Guinea-Bissau,EG.ELC.ACCS.ZS,2013,16.3
GIN,Guinea,EG.ELC.ACCS.ZS,2013,32.2
GHA,Ghana,EG.ELC.ACCS.ZS,2013,70.7
GMB,"Gambia, The",EG.ELC.ACCS.ZS,2013,51.5
CIV,Cote d'Ivoire,EG.ELC.ACCS.ZS,2013,61.5
CPV,Cabo Verde,EG.ELC.ACCS.ZS,2013,84.3
BFA,Burkina Faso,EG.ELC.ACCS.ZS,2013,15.4
BEN,Benin,EG.ELC.ACCS.ZS,2013,34.7
TGO,Togo,SI.POV.DDAY,2013,
SLE,Sierra Leone,SI.POV.DDAY,2013,
SEN,Senegal,SI.POV.DDAY,2013,
NGA,Nigeria,SI.POV.DDAY,2013,
NER,Niger,SI.POV.DDAY,2013,
MRT,Mauritania,SI.POV.DDAY,2013,
MLI,Mali,SI.POV.DDAY,2013,
LBR,Liberia,SI.POV.DDAY,2013,
GNB,Guinea-Bissau,SI.POV.DDAY,2013,
GIN,Guinea,SI.POV.DDAY,2013,
GHA,Ghana,SI.POV.DDAY,2013,
GMB,"Gambia, The",SI.POV.DDAY,2013,
CIV,Cote d'Ivoire,SI.POV.DDAY,2013,
CPV,Cabo Verde,SI.POV.DDAY,2013,
BFA,Burkina Faso,SI.POV.DDAY,2013,
BEN,Benin,SI.POV.DDAY,2013,
TGO,Togo,NY.GDP.MKTP.KD.ZG,2013,5.82425069283059
SLE,Sierra Leone,NY.GDP.MKTP.KD.ZG,2013,14.6633238075229
SEN,Senegal,NY.GDP.MKTP.KD.ZG,2013,2.41238527605579
NGA,Nigeria,NY.GDP.MKTP.KD.ZG,2013,6.67133539306167
NER,Niger,NY.GDP.MKTP.KD.ZG,2013,5.31513063394726
MRT,Mauritania,NY.GDP.MKTP.KD.ZG,2013,4.1508131898954
MLI,Mali,NY.GDP.MKTP.KD.ZG,2013,3.29068742019345
LBR,Liberia,NY.GDP.MKTP.KD.ZG,2013,8.68728781639683
GNB,Guinea-Bissau,NY.GDP.MKTP.KD.ZG,2013,3.25607190852087
GIN,Guinea,NY.GDP.MKTP.KD.ZG,2013,3.94568708624053
GHA,Ghana,NY.GDP.MKTP.KD.ZG,2013,7.31252501678145
GMB,"Gambia, The",NY.GDP.MKTP.KD.ZG,2013,2.872768790327
CIV,Cote d'Ivoire,NY.GDP.MKTP.KD.ZG,2013,10.7602131311256
CPV,Cabo Verde,NY.GDP.MKTP.KD.ZG,2013,0.632136727385131
BFA,Burkina Faso,NY.GDP.MKTP.KD.ZG,2013,5.79258484509867
BEN,Benin,NY.GDP.MKTP.KD.ZG,2013,7.19143372144946
TGO,Togo,NY.GDP.PCAP.CD,2014,855.584809246574
SLE,Sierra Leone,NY.GDP.PCAP.CD,2014,1117.7586465721
SEN,Senegal,NY.GDP.PCAP.CD,2014,1398.89137601382
NGA,Nigeria,NY.GDP.PCAP.CD,2014,3088.72131316169
NER,Niger,NY.GDP.PCAP.CD,2014,565.30989731175
MRT,Mauritania,NY.GDP.PCAP.CD,2014,1713.00865264234
MLI,Mali,NY.GDP.PCAP.CD,2014,947.915033288325
LBR,Liberia,NY.GDP.PCAP.CD,2014,706.714490064507
GNB,Guinea-Bissau,NY.GDP.PCAP.CD,2014,652.022501029449
GIN,Guinea,NY.GDP.PCAP.CD,2014,765.146999389279
GHA,Ghana,NY.GDP.PCAP.CD,2014,1949.90832923846
GMB,"Gambia, The",NY.GDP.PCAP.CD,2014,568.00453558864
CIV,Cote d'Ivoire,NY.GDP.PCAP.CD,2014,1991.36539423404
CPV,Cabo Verde,NY.GDP.PCAP.CD,2014,3985.60706548134
BFA,Burkina Faso,NY.GDP.PCAP.CD,2014,764.861675106225
BEN,Benin,NY.GDP.PCAP.CD,2014,1204.39918670094
TGO,Togo,SP.POP.TOTL,2014,7472450.0
SLE,Sierra Leone,SP.POP.TOTL,2014,6876385.0
SEN,Senegal,SP.POP.TOTL,2014,14152102.0
NGA,Nigeria,SP.POP.TOTL,2014,185896915.0
NER,Niger,SP.POP.TOTL,2014,19215909.0
MRT,Mauritania,SP.POP.TOTL,2014,3848514.0
MLI,Mali,SP.POP.TOTL,2014,18020267.0
LBR,Liberia,SP.POP.TOTL,2014,4564293.0
GNB,Guinea-Bissau,SP.POP.TOTL,2014,1741122.0
GIN,Guinea,SP.POP.TOTL,2014,11472924.0
GHA,Ghana,SP.POP.TOTL,2014,28041592.0
GMB,"Gambia, The",SP.POP.TOTL,2014,2164528.0
CIV,Cote d'Ivoire,SP.POP.TOTL,2014,24527395.0
CPV,Cabo Verde,SP.POP.TOTL,2014,512326.0
BFA,Burkina Faso,SP.POP.TOTL,2014,18229461.0
BEN,Benin,SP.POP.TOTL,2014,11030004.0
TGO,Togo,SP.DYN.LE00.IN,2014,58.766
SLE,Sierra Leone,SP.DYN.LE00.IN,2014,54.281
SEN,Senegal,SP.DYN.LE00.IN,2014,66.001
NGA,Nigeria,SP.DYN.LE00.IN,2014,51.94
NER,Niger,SP.DYN.LE00.IN,2014,58.693
MRT,Mauritania,SP.DYN.LE00.IN,2014,66.207
MLI,Mali,SP.DYN.LE00.IN,2014,57.482
LBR,Liberia,SP.DYN.LE00.IN,2014,59.21
GNB,Guinea-Bissau,SP.DYN.LE00.IN,2014,59.476
GIN,Guinea,SP.DYN.LE00.IN,2014,57.581
GHA,Ghana,SP.DYN.LE00.IN,2014,62.832
GMB,"Gambia, The",SP.DYN.LE00.IN,2014,62.576
CIV,Cote d'Ivoire,SP.DYN.LE00.IN,2014,57.772
CPV,Cabo Verde,SP.DYN.LE00.IN,2014,73.788
BFA,Burkina Faso,SP.DYN.LE00.IN,2014,58.331
BEN,Benin,SP.DYN.LE00.IN,2014,59.008
TGO,Togo,SE.ADT.LITR.ZS,2014,
SLE,Sierra Leone,SE.ADT.LITR.ZS,2014,44.3441779768036
SEN,Senegal,SE.ADT.LITR.ZS,2014,
NGA,Nigeria,SE.ADT.LITR.ZS,2014,
NER,Niger,SE.ADT.LITR.ZS,2014,28.9700293064531
MRT,Mauritania,SE.ADT.LITR.ZS,2014,
MLI,Mali,SE.ADT.LITR.ZS,2014,
LBR,Liberia,SE.ADT.LITR.ZS,2014,
GNB,Guinea-Bissau,SE.ADT.LITR.ZS,2014,
GIN,Guinea,SE.ADT.LITR.ZS,2014,32.0
GHA,Ghana,SE.ADT.LITR.ZS,2014,
GMB,"Gambia, The",SE.ADT.LITR.ZS,2014,
CIV,Cote d'Ivoire,SE.ADT.LITR.ZS,2014,43.9099998474121
CPV,Cabo Verde,SE.ADT.LITR.ZS,2014,
BFA,Burkina Faso,SE.ADT.LITR.ZS,2014,34.5999984741211
BEN,Benin,SE.ADT.LITR.ZS,2014,
TGO,Togo,SH.DYN.MORT,2014,78.1
SLE,Sierra Leone,SH.DYN.MORT,2014,136.8
SEN,Senegal,SH.DYN.MORT,2014,53.9
NGA,Nigeria,SH.DYN.MORT,2014,127.9
NER,Niger,SH.DYN.MORT,2014,127.4
MRT,Mauritania,SH.DYN.MORT,2014,50.4
MLI,Mali,SH.DYN.MORT,2014,119.0
LBR,Liberia,SH.DYN.MORT,2014,95.0
GNB,Guinea-Bissau,SH.DYN.MORT,2014,95.3
GIN,Guinea,SH.DYN.MORT,2014,115.6
GHA,Ghana,SH.DYN.MORT,2014,54.8
GMB,"Gambia, The",SH.DYN.MORT,2014,61.8
CIV,Cote d'Ivoire,SH.DYN.MORT,2014,89.2
CPV,Cabo Verde,SH.DYN.MORT,2014,20.9
BFA,Burkina Faso,SH.DYN.MORT,2014,104.7
BEN,Benin,SH.DYN.MORT,2014,99.3
TGO,Togo,IT.NET.USER.ZS,2014,5.7
SLE,Sierra Leone,IT.NET.USER.ZS,2014,6.0573
SEN,Senegal,IT.NET.USER.ZS,2014,17.7
NGA,Nigeria,IT.NET.USER.ZS,2014,21.0
NER,Niger,IT.NET.USER.ZS,2014,1.24868
MRT,Mauritania,IT.NET.USER.ZS,2014,11.8
MLI,Mali,IT.NET.USER.ZS,2014,7.0
LBR,Liberia,IT.NET.USER.ZS,2014,5.41
GNB,Guinea-Bissau,IT.NET.USER.ZS,2014,3.32
GIN,Guinea,IT.NET.USER.ZS,2014,6.4
GHA,Ghana,IT.NET.USER.ZS,2014,19.0
GMB,"Gambia, The",IT.NET.USER.ZS,2014,15.56
CIV,Cote d'Ivoire,IT.NET.USER.ZS,2014,10.0
CPV,Cabo Verde,IT.NET.USER.ZS,2014,40.26
BFA,Burkina Faso,IT.NET.USER.ZS,2014,6.0
BEN,Benin,IT.NET.USER.ZS,2014,6.0
TGO,Togo,SL.UEM.TOTL.ZS,2014,2.142
SLE,Sierra Leone,SL.UEM.TOTL.ZS,2014,4.678
SEN,Senegal,SL.UEM.TOTL.ZS,2014,5.841
NGA,Nigeria,SL.UEM.TOTL.ZS,2014,3.902
NER,Niger,SL.UEM.TOTL.ZS,2014,0.524
MRT,Mauritania,SL.UEM.TOTL.ZS,2014,10.028
MLI,Mali,SL.UEM.TOTL.ZS,2014,1.474
LBR,Liberia,SL.UEM.TOTL.ZS,2014,2.079
GNB,Guinea-Bissau,SL.UEM.TOTL.ZS,2014,3.254
GIN,Guinea,SL.UEM.TOTL.ZS,2014,5.09
GHA,Ghana,SL.UEM.TOTL.ZS,2014,4.415
GMB,"Gambia, The",SL.UEM.TOTL.ZS,2014,8.218
CIV,Cote d'Ivoire,SL.UEM.TOTL.ZS,2014,3.285
CPV,Cabo Verde,SL.UEM.TOTL.ZS,2014,11.674
BFA,Burkina Faso,SL.UEM.TOTL.ZS,2014,4.251
BEN,Benin,SL.UEM.TOTL.ZS,2014,1.872
TGO,Togo,EG.ELC.ACCS.ZS,2014,45.7
SLE,Sierra Leone,EG.ELC.ACCS.ZS,2014,18.8
SEN,Senegal,EG.ELC.ACCS.ZS,2014,61.0
NGA,Nigeria,EG.ELC.ACCS.ZS,2014,54.2
NER,Niger,EG.ELC.ACCS.ZS,2014,15.7
MRT,Mauritania,EG.ELC.ACCS.ZS,2014,38.8
MLI,Mali,EG.ELC.ACCS.ZS,2014,34.2
LBR,Liberia,EG.ELC.ACCS.ZS,2014,9.4
GNB,Guinea-Bissau,EG.ELC.ACCS.ZS,2014,17.2
GIN,Guinea,EG.ELC.ACCS.ZS,2014,33.5
GHA,Ghana,EG.ELC.ACCS.ZS,2014,78.3
GMB,"Gambia, The",EG.ELC.ACCS.ZS,2014,53.0
CIV,Cote d'Ivoire,EG.ELC.ACCS.ZS,2014,61.9
CPV,Cabo Verde,EG.ELC.ACCS.ZS,2014,85.3
BFA,Burkina Faso,EG.ELC.ACCS.ZS,2014,19.2
BEN,Benin,EG.ELC.ACCS.ZS,2014,34.1
TGO,Togo,SI.POV.DDAY,2014,
SLE,Sierra Leone,SI.POV.DDAY,2014,
SEN,Senegal,SI.POV.DDAY,2014,
NGA,Nigeria,SI.POV.DDAY,2014,
NER,Niger,SI.POV.DDAY,2014,60.3
MRT,Mauritania,SI.POV.DDAY,2014,11.7
MLI,Mali,SI.POV.DDAY,2014,
LBR,Liberia,SI.POV.DDAY,2014,31.7
GNB,Guinea-Bissau,SI.POV.DDAY,2014,
GIN,Guinea,SI.POV.DDAY,2014,
GHA,Ghana,SI.POV.DDAY,2014,
GMB,"Gambia, The",SI.POV.DDAY,2014,
CIV,Cote d'Ivoire,SI.POV.DDAY,2014,
CPV,Cabo Verde,SI.POV.DDAY,2014,
BFA,Burkina Faso,SI.POV.DDAY,2014,58.7
BEN,Benin,SI.POV.DDAY,2014,
TGO,Togo,NY.GDP.MKTP.KD.ZG,2014,5.63323739145223
SLE,Sierra Leone,NY.GDP.MKTP.KD.ZG,2014,-7.81501512457241
SEN,Senegal,NY.GDP.MKTP.KD.ZG,2014,6.22407443790986
NGA,Nigeria,NY.GDP.MKTP.KD.ZG,2014,6.30971865525431
NER,Niger,NY.GDP.MKTP.KD.ZG,2014,6.64213665495603
MRT,Mauritania,NY.GDP.MKTP.KD.ZG,2014,4.27482328814457
MLI,Mali,NY.GDP.MKTP.KD.ZG,2014,6.50263878409685
LBR,Liberia,NY.GDP.MKTP.KD.ZG,2014,0.701393100287518
GNB,Guinea-Bissau,NY.GDP.MKTP.KD.ZG,2014,0.964525745841428
GIN,Guinea,NY.GDP.MKTP.KD.ZG,2014,3.69655311664086
GHA,Ghana,NY.GDP.MKTP.KD.ZG,2014,2.85624016330883
GMB,"Gambia, The",NY.GDP.MKTP.KD.ZG,2014,-1.40738249510954
CIV,Cote d'Ivoire,NY.GDP.MKTP.KD.ZG,2014,9.37199994240375
CPV,Cabo Verde,NY.GDP.MKTP.KD.ZG,2014,0.696666840118581
BFA,Burkina Faso,NY.GDP.MKTP.KD.ZG,2014,4.32684561452976
BEN,Benin,NY.GDP.MKTP.KD.ZG,2014,6.35767909791932
TGO,Togo,NY.GDP.PCAP.CD,2015,751.051987587248
SLE,Sierra Leone,NY.GDP.PCAP.CD,2015,964.575980888989
SEN,Senegal,NY.GDP.PCAP.CD,2015,1218.00613555438
NGA,Nigeria,NY.GDP.PCAP.CD,2015,2585.73360671797
NER,Niger,NY.GDP.PCAP.CD,2015,485.662574175279
MRT,Mauritania,NY.GDP.PCAP.CD,2015,1554.94897871782
MLI,Mali,NY.GDP.PCAP.CD,2015,838.11986940103
LBR,Liberia,NY.GDP.PCAP.CD,2015,692.590082351257
GNB,Guinea-Bissau,NY.GDP.PCAP.CD,2015,645.066837207039
GIN,Guinea,NY.GDP.PCAP.CD,2015,747.356966759448
GHA,Ghana,NY.GDP.PCAP.CD,2015,1722.77282833606
GMB,"Gambia, The",NY.GDP.PCAP.CD,2015,619.536364296461
CIV,Cote d'Ivoire,NY.GDP.PCAP.CD,2015,1814.71855088017
CPV,Cabo Verde,NY.GDP.PCAP.CD,2015,3415.06266730931
BFA,Burkina Faso,NY.GDP.PCAP.CD,2015,630.124750752312
BEN,Benin,NY.GDP.PCAP.CD,2015,1002.41886879614
TGO,Togo,SP.POP.TOTL,2015,7663195.0
SLE,Sierra Leone,SP.POP.TOTL,2015,7037655.0
SEN,Senegal,SP.POP.TOTL,2015,14593331.0
NGA,Nigeria,SP.POP.TOTL,2015,190671878.0
NER,Niger,SP.POP.TOTL,2015,19939498.0
MRT,Mauritania,SP.POP.TOTL,2015,3965959.0
MLI,Mali,SP.POP.TOTL,2015,18593022.0
LBR,Liberia,SP.POP.TOTL,2015,4659431.0
GNB,Guinea-Bissau,SP.POP.TOTL,2015,1786457.0
GIN,Guinea,SP.POP.TOTL,2015,11767070.0
GHA,Ghana,SP.POP.TOTL,2015,28696068.0
GMB,"Gambia, The",SP.POP.TOTL,2015,2224529.0
CIV,Cote d'Ivoire,SP.POP.TOTL,2015,25246342.0
CPV,Cabo Verde,SP.POP.TOTL,2015,512394.0
BFA,Burkina Faso,SP.POP.TOTL,2015,18777487.0
BEN,Benin,SP.POP.TOTL,2015,11360681.0
TGO,Togo,SP.DYN.LE00.IN,2015,59.22
SLE,Sierra Leone,SP.DYN.LE00.IN,2015,55.454
SEN,Senegal,SP.DYN.LE00.IN,2015,66.451
NGA,Nigeria,SP.DYN.LE00.IN,2015,51.939
NER,Niger,SP.DYN.LE00.IN,2015,58.85
MRT,Mauritania,SP.DYN.LE00.IN,2015,66.498
MLI,Mali,SP.DYN.LE00.IN,2015,57.852
LBR,Liberia,SP.DYN.LE00.IN,2015,59.248
GNB,Guinea-Bissau,SP.DYN.LE00.IN,2015,60.071
GIN,Guinea,SP.DYN.LE00.IN,2015,57.899
GHA,Ghana,SP.DYN.LE00.IN,2015,63.175
GMB,"Gambia, The",SP.DYN.LE00.IN,2015,62.971
CIV,Cote d'Ivoire,SP.DYN.LE00.IN,2015,58.281
CPV,Cabo Verde,SP.DYN.LE00.IN,2015,74.096
BFA,Burkina Faso,SP.DYN.LE00.IN,2015,58.778
BEN,Benin,SP.DYN.LE00.IN,2015,59.123
TGO,Togo,SE.ADT.LITR.ZS,2015,63.75
SLE,Sierra Leone,SE.ADT.LITR.ZS,2015,49.4000015258789
SEN,Senegal,SE.ADT.LITR.ZS,2015,43.5900001525879
NGA,Nigeria,SE.ADT.LITR.ZS,2015,
NER,Niger,SE.ADT.LITR.ZS,2015,
MRT,Mauritania,SE.ADT.LITR.ZS,2015,65.1100006103516
MLI,Mali,SE.ADT.LITR.ZS,2015,33.0699996948242
LBR,Liberia,SE.ADT.LITR.ZS,2015,
GNB,Guinea-Bissau,SE.ADT.LITR.ZS,2015,
GIN,Guinea,SE.ADT.LITR.ZS,2015,
GHA,Ghana,SE.ADT.LITR.ZS,2015,60.2198906165104
GMB,"Gambia, The",SE.ADT.LITR.ZS,2015,50.7799987792969
CIV,Cote d'Ivoire,SE.ADT.LITR.ZS,2015,
CPV,Cabo Verde,SE.ADT.LITR.ZS,2015,86.7900009155273
BFA,Burkina Faso,SE.ADT.LITR.ZS,2015,
BEN,Benin,SE.ADT.LITR.ZS,2015,
TGO,Togo,SH.DYN.MORT,2015,75.6
SLE,Sierra Leone,SH.DYN.MORT,2015,137.6
SEN,Senegal,SH.DYN.MORT,2015,52.4
NGA,Nigeria,SH.DYN.MORT,2015,126.4
NER,Niger,SH.DYN.MORT,2015,126.3
MRT,Mauritania,SH.DYN.MORT,2015,48.9
MLI,Mali,SH.DYN.MORT,2015,115.7
LBR,Liberia,SH.DYN.MORT,2015,90.8
GNB,Guinea-Bissau,SH.DYN.MORT,2015,91.8
GIN,Guinea,SH.DYN.MORT,2015,114.1
GHA,Ghana,SH.DYN.MORT,2015,52.5
GMB,"Gambia, The",SH.DYN.MORT,2015,59.3
CIV,Cote d'Ivoire,SH.DYN.MORT,2015,86.1
CPV,Cabo Verde,SH.DYN.MORT,2015,19.1
BFA,Burkina Faso,SH.DYN.MORT,2015,101.1
BEN,Benin,SH.DYN.MORT,2015,97.1
TGO,Togo,IT.NET.USER.ZS,2015,7.12
SLE,Sierra Leone,IT.NET.USER.ZS,2015,6.34442
SEN,Senegal,IT.NET.USER.ZS,2015,21.7
NGA,Nigeria,IT.NET.USER.ZS,2015,22.5
NER,Niger,IT.NET.USER.ZS,2015,2.47622
MRT,Mauritania,IT.NET.USER.ZS,2015,17.6
MLI,Mali,IT.NET.USER.ZS,2015,10.33
LBR,Liberia,IT.NET.USER.ZS,2015,10.0
GNB,Guinea-Bissau,IT.NET.USER.ZS,2015,6.1
GIN,Guinea,IT.NET.USER.ZS,2015,9.2
GHA,Ghana,IT.NET.USER.ZS,2015,23.0
GMB,"Gambia, The",IT.NET.USER.ZS,2015,17.6
CIV,Cote d'Ivoire,IT.NET.USER.ZS,2015,38.44
CPV,Cabo Verde,IT.NET.USER.ZS,2015,42.683
BFA,Burkina Faso,IT.NET.USER.ZS,2015,6.55
BEN,Benin,IT.NET.USER.ZS,2015,11.255
TGO,Togo,SL.UEM.TOTL.ZS,2015,2.204
SLE,Sierra Leone,SL.UEM.TOTL.ZS,2015,4.606
SEN,Senegal,SL.UEM.TOTL.ZS,2015,6.757
NGA,Nigeria,SL.UEM.TOTL.ZS,2015,4.135
NER,Niger,SL.UEM.TOTL.ZS,2015,0.553
MRT,Mauritania,SL.UEM.TOTL.ZS,2015,10.108
MLI,Mali,SL.UEM.TOTL.ZS,2015,1.401
LBR,Liberia,SL.UEM.TOTL.ZS,2015,2.557
GNB,Guinea-Bissau,SL.UEM.TOTL.ZS,2015,3.157
GIN,Guinea,SL.UEM.TOTL.ZS,2015,5.224
GHA,Ghana,SL.UEM.TOTL.ZS,2015,6.806
GMB,"Gambia, The",SL.UEM.TOTL.ZS,2015,7.26
CIV,Cote d'Ivoire,SL.UEM.TOTL.ZS,2015,2.579
CPV,Cabo Verde,SL.UEM.TOTL.ZS,2015,11.907
BFA,Burkina Faso,SL.UEM.TOTL.ZS,2015,4.461
BEN,Benin,SL.UEM.TOTL.ZS,2015,1.82
TGO,Togo,EG.ELC.ACCS.ZS,2015,44.7
SLE,Sierra Leone,EG.ELC.ACCS.ZS,2015,19.7
SEN,Senegal,EG.ELC.ACCS.ZS,2015,60.5
NGA,Nigeria,EG.ELC.ACCS.ZS,2015,52.5
NER,Niger,EG.ELC.ACCS.ZS,2015,16.6
MRT,Mauritania,EG.ELC.ACCS.ZS,2015,39.5
MLI,Mali,EG.ELC.ACCS.ZS,2015,37.6
LBR,Liberia,EG.ELC.ACCS.ZS,2015,15.2
GNB,Guinea-Bissau,EG.ELC.ACCS.ZS,2015,20.1
GIN,Guinea,EG.ELC.ACCS.ZS,2015,34.9
GHA,Ghana,EG.ELC.ACCS.ZS,2015,74.0
GMB,"Gambia, The",EG.ELC.ACCS.ZS,2015,54.7
CIV,Cote d'Ivoire,EG.ELC.ACCS.ZS,2015,62.6
CPV,Cabo Verde,EG.ELC.ACCS.ZS,2015,86.4
BFA,Burkina Faso,EG.ELC.ACCS.ZS,2015,16.2
BEN,Benin,EG.ELC.ACCS.ZS,2015,29.6
TGO,Togo,SI.POV.DDAY,2015,61.5
SLE,Sierra Leone,SI.POV.DDAY,2015,
SEN,Senegal,SI.POV.DDAY,2015,
NGA,Nigeria,SI.POV.DDAY,2015,35.8
NER,Niger,SI.POV.DDAY,2015,
MRT,Mauritania,SI.POV.DDAY,2015,
MLI,Mali,SI.POV.DDAY,2015,
LBR,Liberia,SI.POV.DDAY,2015,
GNB,Guinea-Bissau,SI.POV.DDAY,2015,
GIN,Guinea,SI.POV.DDAY,2015,
GHA,Ghana,SI.POV.DDAY,2015,
GMB,"Gambia, The",SI.POV.DDAY,2015,17.1
CIV,Cote d'Ivoire,SI.POV.DDAY,2015,47.5
CPV,Cabo Verde,SI.POV.DDAY,2015,14.6
BFA,Burkina Faso,SI.POV.DDAY,2015,
BEN,Benin,SI.POV.DDAY,2015,65.8
TGO,Togo,NY.GDP.MKTP.KD.ZG,2015,5.4680413807304
SLE,Sierra Leone,NY.GDP.MKTP.KD.ZG,2015,-4.36333262093788
SEN,Senegal,NY.GDP.MKTP.KD.ZG,2015,6.36704365066983
NGA,Nigeria,NY.GDP.MKTP.KD.ZG,2015,2.65269329543001
NER,Niger,NY.GDP.MKTP.KD.ZG,2015,4.39264883207291
MRT,Mauritania,NY.GDP.MKTP.KD.ZG,2015,5.37633924099251
MLI,Mali,NY.GDP.MKTP.KD.ZG,2015,6.23887890197454
LBR,Liberia,NY.GDP.MKTP.KD.ZG,2015,-0.0185649695590939
GNB,Guinea-Bissau,NY.GDP.MKTP.KD.ZG,2015,6.1340893623123
GIN,Guinea,NY.GDP.MKTP.KD.ZG,2015,3.82591056949435
GHA,Ghana,NY.GDP.MKTP.KD.ZG,2015,2.12075933817334
GMB,"Gambia, The",NY.GDP.MKTP.KD.ZG,2015,4.0580738039996
CIV,Cote d'Ivoire,NY.GDP.MKTP.KD.ZG,2015,7.19494942728191
CPV,Cabo Verde,NY.GDP.MKTP.KD.ZG,2015,0.936026507808833
BFA,Burkina Faso,NY.GDP.MKTP.KD.ZG,2015,3.9212287937935
BEN,Benin,NY.GDP.MKTP.KD.ZG,2015,1.77815106030278
TGO,Togo,NY.GDP.PCAP.CD,2016,772.581357620609
SLE,Sierra Leone,NY.GDP.PCAP.CD,2016,844.416411175476
SEN,Senegal,NY.GDP.PCAP.CD,2016,1266.43957151587
NGA,Nigeria,NY.GDP.PCAP.CD,2016,2070.4127339595
NER,Niger,NY.GDP.PCAP.CD,2016,502.706475406446
MRT,Mauritania,NY.GDP.PCAP.CD,2016,1565.76575722696
MLI,Mali,NY.GDP.PCAP.CD,2016,872.468587171653
LBR,Liberia,NY.GDP.PCAP.CD,2016,714.613063145659
GNB,Guinea-Bissau,NY.GDP.PCAP.CD,2016,679.665386626818
GIN,Guinea,NY.GDP.PCAP.CD,2016,711.996509782316
GHA,Ghana,NY.GDP.PCAP.CD,2016,1912.47991339951
GMB,"Gambia, The",NY.GDP.PCAP.CD,2016,650.056501323611
CIV,Cote d'Ivoire,NY.GDP.PCAP.CD,2016,1862.59597081287
CPV,Cabo Verde,NY.GDP.PCAP.CD,2016,3608.96605234906
BFA,Burkina Faso,NY.GDP.PCAP.CD,2016,663.742364842886
BEN,Benin,NY.GDP.PCAP.CD,2016,1010.5338961993
TGO,Togo,SP.POP.TOTL,2016,7858289.0
SLE,Sierra Leone,SP.POP.TOTL,2016,7205328.0
SEN,Senegal,SP.POP.TOTL,2016,15034521.0
NGA,Nigeria,SP.POP.TOTL,2016,195443700.0
NER,Niger,SP.POP.TOTL,2016,20685753.0
MRT,Mauritania,SP.POP.TOTL,2016,4086657.0
MLI,Mali,SP.POP.TOTL,2016,19191289.0
LBR,Liberia,SP.POP.TOTL,2016,4755608.0
GNB,Guinea-Bissau,SP.POP.TOTL,2016,1831893.0
GIN,Guinea,SP.POP.TOTL,2016,12073030.0
GHA,Ghana,SP.POP.TOTL,2016,29356742.0
GMB,"Gambia, The",SP.POP.TOTL,2016,2283769.0
CIV,Cote d'Ivoire,SP.POP.TOTL,2016,25989405.0
CPV,Cabo Verde,SP.POP.TOTL,2016,512554.0
BFA,Burkina Faso,SP.POP.TOTL,2016,19334856.0
BEN,Benin,SP.POP.TOTL,2016,11697842.0
TGO,Togo,SP.DYN.LE00.IN,2016,59.669
SLE,Sierra Leone,SP.DYN.LE00.IN,2016,56.937
SEN,Senegal,SP.DYN.LE00.IN,2016,66.724
NGA,Nigeria,SP.DYN.LE00.IN,2016,52.189
NER,Niger,SP.DYN.LE00.IN,2016,59.228
MRT,Mauritania,SP.DYN.LE00.IN,2016,66.823
MLI,Mali,SP.DYN.LE00.IN,2016,58.286
LBR,Liberia,SP.DYN.LE00.IN,2016,60.483
GNB,Guinea-Bissau,SP.DYN.LE00.IN,2016,60.619
GIN,Guinea,SP.DYN.LE00.IN,2016,58.49
GHA,Ghana,SP.DYN.LE00.IN,2016,63.522
GMB,"Gambia, The",SP.DYN.LE00.IN,2016,63.386
CIV,Cote d'Ivoire,SP.DYN.LE00.IN,2016,58.814
CPV,Cabo Verde,SP.DYN.LE00.IN,2016,74.35
BFA,Burkina Faso,SP.DYN.LE00.IN,2016,59.173
BEN,Benin,SP.DYN.LE00.IN,2016,59.283
TGO,Togo,SE.ADT.LITR.ZS,2016,
SLE,Sierra Leone,SE.ADT.LITR.ZS,2016,
SEN,Senegal,SE.ADT.LITR.ZS,2016,46.0999984741211
NGA,Nigeria,SE.ADT.LITR.ZS,2016,58.2200012207031
NER,Niger,SE.ADT.LITR.ZS,2016,
MRT,Mauritania,SE.ADT.LITR.ZS,2016,
MLI,Mali,SE.ADT.LITR.ZS,2016,
LBR,Liberia,SE.ADT.LITR.ZS,2016,
GNB,Guinea-Bissau,SE.ADT.LITR.ZS,2016,
GIN,Guinea,SE.ADT.LITR.ZS,2016,
GHA,Ghana,SE.ADT.LITR.ZS,2016,
GMB,"Gambia, The",SE.ADT.LITR.ZS,2016,
CIV,Cote d'Ivoire,SE.ADT.LITR.ZS,2016,50.0400009155273
CPV,Cabo Verde,SE.ADT.LITR.ZS,2016,
BFA,Burkina Faso,SE.ADT.LITR.ZS,2016,
BEN,Benin,SE.ADT.LITR.ZS,2016,
TGO,Togo,SH.DYN.MORT,2016,73.2
SLE,Sierra Leone,SH.DYN.MORT,2016,122.7
SEN,Senegal,SH.DYN.MORT,2016,51.1
NGA,Nigeria,SH.DYN.MORT,2016,124.8
NER,Niger,SH.DYN.MORT,2016,125.1
MRT,Mauritania,SH.DYN.MORT,2016,47.4
MLI,Mali,SH.DYN.MORT,2016,112.4
LBR,Liberia,SH.DYN.MORT,2016,88.3
GNB,Guinea-Bissau,SH.DYN.MORT,2016,88.4
GIN,Guinea,SH.DYN.MORT,2016,111.7
GHA,Ghana,SH.DYN.MORT,2016,50.2
GMB,"Gambia, The",SH.DYN.MORT,2016,57.0
CIV,Cote d'Ivoire,SH.DYN.MORT,2016,83.6
CPV,Cabo Verde,SH.DYN.MORT,2016,17.6
BFA,Burkina Faso,SH.DYN.MORT,2016,97.7
BEN,Benin,SH.DYN.MORT,2016,95.0
TGO,Togo,IT.NET.USER.ZS,2016,11.31
SLE,Sierra Leone,IT.NET.USER.ZS,2016,11.7732
SEN,Senegal,IT.NET.USER.ZS,2016,25.6648
NGA,Nigeria,IT.NET.USER.ZS,2016,24.1
NER,Niger,IT.NET.USER.ZS,2016,4.32276
MRT,Mauritania,IT.NET.USER.ZS,2016,19.2328
MLI,Mali,IT.NET.USER.ZS,2016,14.0
LBR,Liberia,IT.NET.USER.ZS,2016,15.7
GNB,Guinea-Bissau,IT.NET.USER.ZS,2016,13.8
GIN,Guinea,IT.NET.USER.ZS,2016,13.1
GHA,Ghana,IT.NET.USER.ZS,2016,28.0
GMB,"Gambia, The",IT.NET.USER.ZS,2016,19.9
CIV,Cote d'Ivoire,IT.NET.USER.ZS,2016,41.2078
CPV,Cabo Verde,IT.NET.USER.ZS,2016,50.3228
BFA,Burkina Faso,IT.NET.USER.ZS,2016,7.14
BEN,Benin,IT.NET.USER.ZS,2016,14.5
TGO,Togo,SL.UEM.TOTL.ZS,2016,2.968
SLE,Sierra Leone,SL.UEM.TOTL.ZS,2016,4.294
SEN,Senegal,SL.UEM.TOTL.ZS,2016,4.455
NGA,Nigeria,SL.UEM.TOTL.ZS,2016,4.499
NER,Niger,SL.UEM.TOTL.ZS,2016,0.548
MRT,Mauritania,SL.UEM.TOTL.ZS,2016,10.283
MLI,Mali,SL.UEM.TOTL.ZS,2016,1.367
LBR,Liberia,SL.UEM.TOTL.ZS,2016,3.081
GNB,Guinea-Bissau,SL.UEM.TOTL.ZS,2016,3.123
GIN,Guinea,SL.UEM.TOTL.ZS,2016,5.013
GHA,Ghana,SL.UEM.TOTL.ZS,2016,5.232
GMB,"Gambia, The",SL.UEM.TOTL.ZS,2016,6.285
CIV,Cote d'Ivoire,SL.UEM.TOTL.ZS,2016,1.896
CPV,Cabo Verde,SL.UEM.TOTL.ZS,2016,12.077
BFA,Burkina Faso,SL.UEM.TOTL.ZS,2016,4.587
BEN,Benin,SL.UEM.TOTL.ZS,2016,1.784
TGO,Togo,EG.ELC.ACCS.ZS,2016,46.8
SLE,Sierra Leone,EG.ELC.ACCS.ZS,2016,20.3
SEN,Senegal,EG.ELC.ACCS.ZS,2016,64.5
NGA,Nigeria,EG.ELC.ACCS.ZS,2016,59.3
NER,Niger,EG.ELC.ACCS.ZS,2016,17.0
MRT,Mauritania,EG.ELC.ACCS.ZS,2016,41.2
MLI,Mali,EG.ELC.ACCS.ZS,2016,38.8
LBR,Liberia,EG.ELC.ACCS.ZS,2016,17.7
GNB,Guinea-Bissau,EG.ELC.ACCS.ZS,2016,22.9
GIN,Guinea,EG.ELC.ACCS.ZS,2016,33.5
GHA,Ghana,EG.ELC.ACCS.ZS,2016,79.3
GMB,"Gambia, The",EG.ELC.ACCS.ZS,2016,56.4
CIV,Cote d'Ivoire,EG.ELC.ACCS.ZS,2016,64.3
CPV,Cabo Verde,EG.ELC.ACCS.ZS,2016,87.5
BFA,Burkina Faso,EG.ELC.ACCS.ZS,2016,16.6
BEN,Benin,EG.ELC.ACCS.ZS,2016,37.0
TGO,Togo,SI.POV.DDAY,2016,
SLE,Sierra Leone,SI.POV.DDAY,2016,
SEN,Senegal,SI.POV.DDAY,2016,
NGA,Nigeria,SI.POV.DDAY,2016,
NER,Niger,SI.POV.DDAY,2016,
MRT,Mauritania,SI.POV.DDAY,2016,
MLI,Mali,SI.POV.DDAY,2016,
LBR,Liberia,SI.POV.DDAY,2016,33.6
GNB,Guinea-Bissau,SI.POV.DDAY,2016,
GIN,Guinea,SI.POV.DDAY,2016,
GHA,Ghana,SI.POV.DDAY,2016,39.0
GMB,"Gambia, The",SI.POV.DDAY,2016,
CIV,Cote d'Ivoire,SI.POV.DDAY,2016,
CPV,Cabo Verde,SI.POV.DDAY,2016,
BFA,Burkina Faso,SI.POV.DDAY,2016,
BEN,Benin,SI.POV.DDAY,2016,
TGO,Togo,NY.GDP.MKTP.KD.ZG,2016,4.21490387414525
SLE,Sierra Leone,NY.GDP.MKTP.KD.ZG,2016,6.43743652764257
SEN,Senegal,NY.GDP.MKTP.KD.ZG,2016,6.35606857181878
NGA,Nigeria,NY.GDP.MKTP.KD.ZG,2016,-1.61686894906509
NER,Niger,NY.GDP.MKTP.KD.ZG,2016,5.74089315058157
MRT,Mauritania,NY.GDP.MKTP.KD.ZG,2016,1.26090923067225
MLI,Mali,NY.GDP.MKTP.KD.ZG,2016,6.00506308559498
LBR,Liberia,NY.GDP.MKTP.KD.ZG,2016,-1.5549586174878
GNB,Guinea-Bissau,NY.GDP.MKTP.KD.ZG,2016,5.4326782650304
GIN,Guinea,NY.GDP.MKTP.KD.ZG,2016,10.82062719659
GHA,Ghana,NY.GDP.MKTP.KD.ZG,2016,3.37346574966936
GMB,"Gambia, The",NY.GDP.MKTP.KD.ZG,2016,1.94335965478776
CIV,Cote d'Ivoire,NY.GDP.MKTP.KD.ZG,2016,7.17275963956332
CPV,Cabo Verde,NY.GDP.MKTP.KD.ZG,2016,4.28071482662371
BFA,Burkina Faso,NY.GDP.MKTP.KD.ZG,2016,5.95797670754024
BEN,Benin,NY.GDP.MKTP.KD.ZG,2016,3.33967342629693
TGO,Togo,NY.GDP.PCAP.CD,2017,792.765700965864
SLE,Sierra Leone,NY.GDP.PCAP.CD,2017,779.186007841728
SEN,Senegal,NY.GDP.PCAP.CD,2017,1356.80518449031
NGA,Nigeria,NY.GDP.PCAP.CD,2017,1876.34027111773
NER,Niger,NY.GDP.PCAP.CD,2017,521.804130023434
MRT,Mauritania,NY.GDP.PCAP.CD,2017,1615.00401327323
MLI,Mali,NY.GDP.PCAP.CD,2017,924.057531692284
LBR,Liberia,NY.GDP.PCAP.CD,2017,699.269095727404
GNB,Guinea-Bissau,NY.GDP.PCAP.CD,2017,783.123186602022
GIN,Guinea,NY.GDP.PCAP.CD,2017,833.598621691121
GHA,Ghana,NY.GDP.PCAP.CD,2017,2012.28662641265
GMB,"Gambia, The",NY.GDP.PCAP.CD,2017,642.522641296331
CIV,Cote d'Ivoire,NY.GDP.PCAP.CD,2017,1964.29930338343
CPV,Cabo Verde,NY.GDP.PCAP.CD,2017,3893.09571382506
BFA,Burkina Faso,NY.GDP.PCAP.CD,2017,709.091535894695
BEN,Benin,NY.GDP.PCAP.CD,2017,1054.97408066814
TGO,Togo,SP.POP.TOTL,2017,8057140.0
SLE,Sierra Leone,SP.POP.TOTL,2017,7379299.0
SEN,Senegal,SP.POP.TOTL,2017,15475002.0
NGA,Nigeria,SP.POP.TOTL,2017,200254579.0
NER,Niger,SP.POP.TOTL,2017,21435446.0
MRT,Mauritania,SP.POP.TOTL,2017,4210600.0
MLI,Mali,SP.POP.TOTL,2017,19813011.0
LBR,Liberia,SP.POP.TOTL,2017,4848925.0
GNB,Guinea-Bissau,SP.POP.TOTL,2017,1877072.0
GIN,Guinea,SP.POP.TOTL,2017,12385659.0
GHA,Ghana,SP.POP.TOTL,2017,30008354.0
GMB,"Gambia, The",SP.POP.TOTL,2017,2342189.0
CIV,Cote d'Ivoire,SP.POP.TOTL,2017,26733372.0
CPV,Cabo Verde,SP.POP.TOTL,2017,512893.0
BFA,Burkina Faso,SP.POP.TOTL,2017,19894407.0
BEN,Benin,SP.POP.TOTL,2017,12039780.0
TGO,Togo,SP.DYN.LE00.IN,2017,60.135
SLE,Sierra Leone,SP.DYN.LE00.IN,2017,57.761
SEN,Senegal,SP.DYN.LE00.IN,2017,67.059
NGA,Nigeria,SP.DYN.LE00.IN,2017,52.397
NER,Niger,SP.DYN.LE00.IN,2017,59.524
MRT,Mauritania,SP.DYN.LE00.IN,2017,67.088
MLI,Mali,SP.DYN.LE00.IN,2017,58.562
LBR,Liberia,SP.DYN.LE00.IN,2017,60.777
GNB,Guinea-Bissau,SP.DYN.LE00.IN,2017,61.148
GIN,Guinea,SP.DYN.LE00.IN,2017,58.715
GHA,Ghana,SP.DYN.LE00.IN,2017,63.829
GMB,"Gambia, The",SP.DYN.LE00.IN,2017,63.708
CIV,Cote d'Ivoire,SP.DYN.LE00.IN,2017,59.315
CPV,Cabo Verde,SP.DYN.LE00.IN,2017,74.71
BFA,Burkina Faso,SP.DYN.LE00.IN,2017,59.578
BEN,Benin,SP.DYN.LE00.IN,2017,59.528
TGO,Togo,SE.ADT.LITR.ZS,2017,60.9182911842179
SLE,Sierra Leone,SE.ADT.LITR.ZS,2017,44.8300018310547
SEN,Senegal,SE.ADT.LITR.ZS,2017,51.9000015258789
NGA,Nigeria,SE.ADT.LITR.ZS,2017,
NER,Niger,SE.ADT.LITR.ZS,2017,
MRT,Mauritania,SE.ADT.LITR.ZS,2017,
MLI,Mali,SE.ADT.LITR.ZS,2017,
LBR,Liberia,SE.ADT.LITR.ZS,2017,
GNB,Guinea-Bissau,SE.ADT.LITR.ZS,2017,
GIN,Guinea,SE.ADT.LITR.ZS,2017,
GHA,Ghana,SE.ADT.LITR.ZS,2017,64.4899978637695
GMB,"Gambia, The",SE.ADT.LITR.ZS,2017,
CIV,Cote d'Ivoire,SE.ADT.LITR.ZS,2017,
CPV,Cabo Verde,SE.ADT.LITR.ZS,2017,
BFA,Burkina Faso,SE.ADT.LITR.ZS,2017,
BEN,Benin,SE.ADT.LITR.ZS,2017,38.8699989318848
TGO,Togo,SH.DYN.MORT,2017,70.9
SLE,Sierra Leone,SH.DYN.MORT,2017,117.9
SEN,Senegal,SH.DYN.MORT,2017,49.7
NGA,Nigeria,SH.DYN.MORT,2017,122.8
NER,Niger,SH.DYN.MORT,2017,123.9
MRT,Mauritania,SH.DYN.MORT,2017,45.9
MLI,Mali,SH.DYN.MORT,2017,109.3
LBR,Liberia,SH.DYN.MORT,2017,86.0
GNB,Guinea-Bissau,SH.DYN.MORT,2017,85.3
GIN,Guinea,SH.DYN.MORT,2017,109.9
GHA,Ghana,SH.DYN.MORT,2017,48.1
GMB,"Gambia, The",SH.DYN.MORT,2017,54.7
CIV,Cote d'Ivoire,SH.DYN.MORT,2017,81.1
CPV,Cabo Verde,SH.DYN.MORT,2017,16.2
BFA,Burkina Faso,SH.DYN.MORT,2017,94.3
BEN,Benin,SH.DYN.MORT,2017,92.7
TGO,Togo,IT.NET.USER.ZS,2017,12.3602
SLE,Sierra Leone,IT.NET.USER.ZS,2017,13.2369
SEN,Senegal,IT.NET.USER.ZS,2017,29.6431
NGA,Nigeria,IT.NET.USER.ZS,2017,25.9
NER,Niger,IT.NET.USER.ZS,2017,10.2243
MRT,Mauritania,IT.NET.USER.ZS,2017,21.0172
MLI,Mali,IT.NET.USER.ZS,2017,18.9
LBR,Liberia,IT.NET.USER.ZS,2017,16.3
GNB,Guinea-Bissau,IT.NET.USER.ZS,2017,14.8
GIN,Guinea,IT.NET.USER.ZS,2017,18.7
GHA,Ghana,IT.NET.USER.ZS,2017,37.8842
GMB,"Gambia, The",IT.NET.USER.ZS,2017,22.5
CIV,Cote d'Ivoire,IT.NET.USER.ZS,2017,43.8399
CPV,Cabo Verde,IT.NET.USER.ZS,2017,57.1621
BFA,Burkina Faso,IT.NET.USER.ZS,2017,7.79
BEN,Benin,IT.NET.USER.ZS,2017,18.7
TGO,Togo,SL.UEM.TOTL.ZS,2017,3.744
SLE,Sierra Leone,SL.UEM.TOTL.ZS,2017,3.834
SEN,Senegal,SL.UEM.TOTL.ZS,2017,4.078
NGA,Nigeria,SL.UEM.TOTL.ZS,2017,4.828
NER,Niger,SL.UEM.TOTL.ZS,2017,0.554
MRT,Mauritania,SL.UEM.TOTL.ZS,2017,10.336
MLI,Mali,SL.UEM.TOTL.ZS,2017,1.494
LBR,Liberia,SL.UEM.TOTL.ZS,2017,3.066
GNB,Guinea-Bissau,SL.UEM.TOTL.ZS,2017,3.066
GIN,Guinea,SL.UEM.TOTL.ZS,2017,4.826
GHA,Ghana,SL.UEM.TOTL.ZS,2017,3.369
GMB,"Gambia, The",SL.UEM.TOTL.ZS,2017,5.157
CIV,Cote d'Ivoire,SL.UEM.TOTL.ZS,2017,3.272
CPV,Cabo Verde,SL.UEM.TOTL.ZS,2017,12.24
BFA,Burkina Faso,SL.UEM.TOTL.ZS,2017,4.656
BEN,Benin,SL.UEM.TOTL.ZS,2017,1.659
TGO,Togo,EG.ELC.ACCS.ZS,2017,48.0
SLE,Sierra Leone,EG.ELC.ACCS.ZS,2017,23.4
SEN,Senegal,EG.ELC.ACCS.ZS,2017,61.7
NGA,Nigeria,EG.ELC.ACCS.ZS,2017,54.4
NER,Niger,EG.ELC.ACCS.ZS,2017,17.6
MRT,Mauritania,EG.ELC.ACCS.ZS,2017,42.9
MLI,Mali,EG.ELC.ACCS.ZS,2017,34.8
LBR,Liberia,EG.ELC.ACCS.ZS,2017,24.2
GNB,Guinea-Bissau,EG.ELC.ACCS.ZS,2017,26.0
GIN,Guinea,EG.ELC.ACCS.ZS,2017,35.4
GHA,Ghana,EG.ELC.ACCS.ZS,2017,79.0
GMB,"Gambia, The",EG.ELC.ACCS.ZS,2017,56.2
CIV,Cote d'Ivoire,EG.ELC.ACCS.ZS,2017,65.6
CPV,Cabo Verde,EG.ELC.ACCS.ZS,2017,88.6
BFA,Burkina Faso,EG.ELC.ACCS.ZS,2017,17.0
BEN,Benin,EG.ELC.ACCS.ZS,2017,34.5
TGO,Togo,SI.POV.DDAY,2017,
SLE,Sierra Leone,SI.POV.DDAY,2017,
SEN,Senegal,SI.POV.DDAY,2017,
NGA,Nigeria,SI.POV.DDAY,2017,
NER,Niger,SI.POV.DDAY,2017,
MRT,Mauritania,SI.POV.DDAY,2017,
MLI,Mali,SI.POV.DDAY,2017,
LBR,Liberia,SI.POV.DDAY,2017,
GNB,Guinea-Bissau,SI.POV.DDAY,2017,
GIN,Guinea,SI.POV.DDAY,2017,
GHA,Ghana,SI.POV.DDAY,2017,
GMB,"Gambia, The",SI.POV.DDAY,2017,
CIV,Cote d'Ivoire,SI.POV.DDAY,2017,
CPV,Cabo Verde,SI.POV.DDAY,2017,
BFA,Burkina Faso,SI.POV.DDAY,2017,
BEN,Benin,SI.POV.DDAY,2017,
TGO,Togo,NY.GDP.MKTP.KD.ZG,2017,4.00791259566937
SLE,Sierra Leone,NY.GDP.MKTP.KD.ZG,2017,3.20786087715987
SEN,Senegal,NY.GDP.MKTP.KD.ZG,2017,7.4074861863013
NGA,Nigeria,NY.GDP.MKTP.KD.ZG,2017,0.805886619102438
NER,Niger,NY.GDP.MKTP.KD.ZG,2017,5.00536078615544
MRT,Mauritania,NY.GDP.MKTP.KD.ZG,2017,6.27054566937677
MLI,Mali,NY.GDP.MKTP.KD.ZG,2017,5.37554769639952
LBR,Liberia,NY.GDP.MKTP.KD.ZG,2017,2.45515592012239
GNB,Guinea-Bissau,NY.GDP.MKTP.KD.ZG,2017,4.66367943913264
GIN,Guinea,NY.GDP.MKTP.KD.ZG,2017,10.3000053427355
GHA,Ghana,NY.GDP.MKTP.KD.ZG,2017,8.12889488100956
GMB,"Gambia, The",NY.GDP.MKTP.KD.ZG,2017,4.8226112492757
CIV,Cote d'Ivoire,NY.GDP.MKTP.KD.ZG,2017,7.41076242592504
CPV,Cabo Verde,NY.GDP.MKTP.KD.ZG,2017,4.5513148102974
BFA,Burkina Faso,NY.GDP.MKTP.KD.ZG,2017,6.20348941121868
BEN,Benin,NY.GDP.MKTP.KD.ZG,2017,5.67156195150444
TGO,Togo,NY.GDP.PCAP.CD,2018,851.120561233595
SLE,Sierra Leone,NY.GDP.PCAP.CD,2018,845.914540460932
SEN,Senegal,NY.GDP.PCAP.CD,2018,1452.55612562445
NGA,Nigeria,NY.GDP.PCAP.CD,2018,2057.87944554011
NER,Niger,NY.GDP.PCAP.CD,2018,578.568035680892
MRT,Mauritania,NY.GDP.PCAP.CD,2018,1722.93528854073
MLI,Mali,NY.GDP.PCAP.CD,2018,996.379292136901
LBR,Liberia,NY.GDP.PCAP.CD,2018,692.203127129794
GNB,Guinea-Bissau,NY.GDP.PCAP.CD,2018,808.531613218504
GIN,Guinea,NY.GDP.PCAP.CD,2018,933.273615633705
GHA,Ghana,NY.GDP.PCAP.CD,2018,2195.32166016377
GMB,"Gambia, The",NY.GDP.PCAP.CD,2018,696.219806960615
CIV,Cote d'Ivoire,NY.GDP.PCAP.CD,2018,2130.86619381144
CPV,Cabo Verde,NY.GDP.PCAP.CD,2018,4294.96510035729
BFA,Burkina Faso,NY.GDP.PCAP.CD,2018,777.465618514048
BEN,Benin,NY.GDP.PCAP.CD,2018,1151.7409703472
TGO,Togo,SP.POP.TOTL,2018,8258778.0
SLE,Sierra Leone,SP.POP.TOTL,2018,7554563.0
SEN,Senegal,SP.POP.TOTL,2018,15914498.0
NGA,Nigeria,SP.POP.TOTL,2018,204938755.0
NER,Niger,SP.POP.TOTL,2018,22188069.0
MRT,Mauritania,SP.POP.TOTL,2018,4337685.0
MLI,Mali,SP.POP.TOTL,2018,20442030.0
LBR,Liberia,SP.POP.TOTL,2018,4944726.0
GNB,Guinea-Bissau,SP.POP.TOTL,2018,1922168.0
GIN,Guinea,SP.POP.TOTL,2018,12704774.0
GHA,Ghana,SP.POP.TOTL,2018,30637585.0
GMB,"Gambia, The",SP.POP.TOTL,2018,2399632.0
CIV,Cote d'Ivoire,SP.POP.TOTL,2018,27464173.0
CPV,Cabo Verde,SP.POP.TOTL,2018,513415.0
BFA,Burkina Faso,SP.POP.TOTL,2018,20438288.0
BEN,Benin,SP.POP.TOTL,2018,12383347.0
TGO,Togo,SP.DYN.LE00.IN,2018,60.601
SLE,Sierra Leone,SP.DYN.LE00.IN,2018,59.059
SEN,Senegal,SP.DYN.LE00.IN,2018,67.379
NGA,Nigeria,SP.DYN.LE00.IN,2018,52.669
NER,Niger,SP.DYN.LE00.IN,2018,59.765
MRT,Mauritania,SP.DYN.LE00.IN,2018,67.419
MLI,Mali,SP.DYN.LE00.IN,2018,58.873
LBR,Liberia,SP.DYN.LE00.IN,2018,60.999
GNB,Guinea-Bissau,SP.DYN.LE00.IN,2018,61.652
GIN,Guinea,SP.DYN.LE00.IN,2018,59.043
GHA,Ghana,SP.DYN.LE00.IN,2018,64.138
GMB,"Gambia, The",SP.DYN.LE00.IN,2018,64.034
CIV,Cote d'Ivoire,SP.DYN.LE00.IN,2018,59.795
CPV,Cabo Verde,SP.DYN.LE00.IN,2018,74.84
BFA,Burkina Faso,SP.DYN.LE00.IN,2018,59.972
BEN,Benin,SP.DYN.LE00.IN,2018,59.71
TGO,Togo,SE.ADT.LITR.ZS,2018,
SLE,Sierra Leone,SE.ADT.LITR.ZS,2018,48.8216576787275
SEN,Senegal,SE.ADT.LITR.ZS,2018,46.6100006103516
NGA,Nigeria,SE.ADT.LITR.ZS,2018,
NER,Niger,SE.ADT.LITR.ZS,2018,33.0499992370605
MRT,Mauritania,SE.ADT.LITR.ZS,2018,
MLI,Mali,SE.ADT.LITR.ZS,2018,35.4700012207031
LBR,Liberia,SE.ADT.LITR.ZS,2018,
GNB,Guinea-Bissau,SE.ADT.LITR.ZS,2018,
GIN,Guinea,SE.ADT.LITR.ZS,2018,39.6199989318848
GHA,Ghana,SE.ADT.LITR.ZS,2018,
GMB,"Gambia, The",SE.ADT.LITR.ZS,2018,53.1599998474121
CIV,Cote d'Ivoire,SE.ADT.LITR.ZS,2018,
CPV,Cabo Verde,SE.ADT.LITR.ZS,2018,
BFA,Burkina Faso,SE.ADT.LITR.ZS,2018,39.3499984741211
BEN,Benin,SE.ADT.LITR.ZS,2018,
TGO,Togo,SH.DYN.MORT,2018,68.6
SLE,Sierra Leone,SH.DYN.MORT,2018,113.4
SEN,Senegal,SH.DYN.MORT,2018,48.2
NGA,Nigeria,SH.DYN.MORT,2018,120.2
NER,Niger,SH.DYN.MORT,2018,122.8
MRT,Mauritania,SH.DYN.MORT,2018,44.5
MLI,Mali,SH.DYN.MORT,2018,106.1
LBR,Liberia,SH.DYN.MORT,2018,84.0
GNB,Guinea-Bissau,SH.DYN.MORT,2018,82.1
GIN,Guinea,SH.DYN.MORT,2018,108.0
GHA,Ghana,SH.DYN.MORT,2018,46.0
GMB,"Gambia, The",SH.DYN.MORT,2018,52.7
CIV,Cote d'Ivoire,SH.DYN.MORT,2018,78.5
CPV,Cabo Verde,SH.DYN.MORT,2018,15.1
BFA,Burkina Faso,SH.DYN.MORT,2018,91.2
BEN,Benin,SH.DYN.MORT,2018,90.5
TGO,Togo,IT.NET.USER.ZS,2018,15.5
SLE,Sierra Leone,IT.NET.USER.ZS,2018,14.4223
SEN,Senegal,IT.NET.USER.ZS,2018,35.3
NGA,Nigeria,IT.NET.USER.ZS,2018,27.7
NER,Niger,IT.NET.USER.ZS,2018,
MRT,Mauritania,IT.NET.USER.ZS,2018,22.967
MLI,Mali,IT.NET.USER.ZS,2018,21.4
LBR,Liberia,IT.NET.USER.ZS,2018,17.2777
GNB,Guinea-Bissau,IT.NET.USER.ZS,2018,15.7
GIN,Guinea,IT.NET.USER.ZS,2018,21.83
GHA,Ghana,IT.NET.USER.ZS,2018,43.0
GMB,"Gambia, The",IT.NET.USER.ZS,2018,28.3
CIV,Cote d'Ivoire,IT.NET.USER.ZS,2018,37.5465
CPV,Cabo Verde,IT.NET.USER.ZS,2018,59.5
BFA,Burkina Faso,IT.NET.USER.ZS,2018,8.5
BEN,Benin,IT.NET.USER.ZS,2018,19.0
TGO,Togo,SL.UEM.TOTL.ZS,2018,2.898
SLE,Sierra Leone,SL.UEM.TOTL.ZS,2018,3.192
SEN,Senegal,SL.UEM.TOTL.ZS,2018,3.455
NGA,Nigeria,SL.UEM.TOTL.ZS,2018,5.067
NER,Niger,SL.UEM.TOTL.ZS,2018,0.535
MRT,Mauritania,SL.UEM.TOTL.ZS,2018,10.407
MLI,Mali,SL.UEM.TOTL.ZS,2018,1.62
LBR,Liberia,SL.UEM.TOTL.ZS,2018,3.056
GNB,Guinea-Bissau,SL.UEM.TOTL.ZS,2018,3.127
GIN,Guinea,SL.UEM.TOTL.ZS,2018,4.787
GHA,Ghana,SL.UEM.TOTL.ZS,2018,3.253
GMB,"Gambia, The",SL.UEM.TOTL.ZS,2018,4.127
CIV,Cote d'Ivoire,SL.UEM.TOTL.ZS,2018,2.85
CPV,Cabo Verde,SL.UEM.TOTL.ZS,2018,12.17
BFA,Burkina Faso,SL.UEM.TOTL.ZS,2018,4.695
BEN,Benin,SL.UEM.TOTL.ZS,2018,1.41
TGO,Togo,EG.ELC.ACCS.ZS,2018,50.0
SLE,Sierra Leone,EG.ELC.ACCS.ZS,2018,26.1
SEN,Senegal,EG.ELC.ACCS.ZS,2018,66.0
NGA,Nigeria,EG.ELC.ACCS.ZS,2018,56.5
NER,Niger,EG.ELC.ACCS.ZS,2018,17.6
MRT,Mauritania,EG.ELC.ACCS.ZS,2018,43.6
MLI,Mali,EG.ELC.ACCS.ZS,2018,50.9
LBR,Liberia,EG.ELC.ACCS.ZS,2018,22.8
GNB,Guinea-Bissau,EG.ELC.ACCS.ZS,2018,28.4
GIN,Guinea,EG.ELC.ACCS.ZS,2018,45.0
GHA,Ghana,EG.ELC.ACCS.ZS,2018,80.4
GMB,"Gambia, The",EG.ELC.ACCS.ZS,2018,60.3
CIV,Cote d'Ivoire,EG.ELC.ACCS.ZS,2018,67.1
CPV,Cabo Verde,EG.ELC.ACCS.ZS,2018,90.2
BFA,Burkina Faso,EG.ELC.ACCS.ZS,2018,14.4
BEN,Benin,EG.ELC.ACCS.ZS,2018,39.0
TGO,Togo,SI.POV.DDAY,2018,35.1
SLE,Sierra Leone,SI.POV.DDAY,2018,41.5
SEN,Senegal,SI.POV.DDAY,2018,19.1
NGA,Nigeria,SI.POV.DDAY,2018,34.2
NER,Niger,SI.POV.DDAY,2018,59.0
MRT,Mauritania,SI.POV.DDAY,2018,
MLI,Mali,SI.POV.DDAY,2018,29.4
LBR,Liberia,SI.POV.DDAY,2018,
GNB,Guinea-Bissau,SI.POV.DDAY,2018,37.1
GIN,Guinea,SI.POV.DDAY,2018,11.7
GHA,Ghana,SI.POV.DDAY,2018,
GMB,"Gambia, The",SI.POV.DDAY,2018,
CIV,Cote d'Ivoire,SI.POV.DDAY,2018,22.7
CPV,Cabo Verde,SI.POV.DDAY,2018,
BFA,Burkina Faso,SI.POV.DDAY,2018,47.7
BEN,Benin,SI.POV.DDAY,2018,37.2
TGO,Togo,NY.GDP.MKTP.KD.ZG,2018,4.79518333086139
SLE,Sierra Leone,NY.GDP.MKTP.KD.ZG,2018,2.8938564123677
SEN,Senegal,NY.GDP.MKTP.KD.ZG,2018,6.20924103389086
NGA,Nigeria,NY.GDP.MKTP.KD.ZG,2018,1.92275734200614
NER,Niger,NY.GDP.MKTP.KD.ZG,2018,7.21141802762897
MRT,Mauritania,NY.GDP.MKTP.KD.ZG,2018,4.77217365692621
MLI,Mali,NY.GDP.MKTP.KD.ZG,2018,4.86784999991505
LBR,Liberia,NY.GDP.MKTP.KD.ZG,2018,1.15757512207355
GNB,Guinea-Bissau,NY.GDP.MKTP.KD.ZG,2018,3.76145359637003
GIN,Guinea,NY.GDP.MKTP.KD.ZG,2018,6.35849192736715
GHA,Ghana,NY.GDP.MKTP.KD.ZG,2018,6.20007768127284
GMB,"Gambia, The",NY.GDP.MKTP.KD.ZG,2018,7.23489033258579
CIV,Cote d'Ivoire,NY.GDP.MKTP.KD.ZG,2018,4.84314605889178
CPV,Cabo Verde,NY.GDP.MKTP.KD.ZG,2018,3.70696458310842
BFA,Burkina Faso,NY.GDP.MKTP.KD.ZG,2018,6.60456906812341
BEN,Benin,NY.GDP.MKTP.KD.ZG,2018,6.69725362180888
TGO,Togo,NY.GDP.PCAP.CD,2019,826.255209019798
SLE,Sierra Leone,NY.GDP.PCAP.CD,2019,843.712517809977
SEN,Senegal,NY.GDP.PCAP.CD,2019,1431.18128932159
NGA,Nigeria,NY.GDP.PCAP.CD,2019,3189.81286498516
NER,Niger,NY.GDP.PCAP.CD,2019,561.691304349698
MRT,Mauritania,NY.GDP.PCAP.CD,2019,1767.072710621
MLI,Mali,NY.GDP.PCAP.CD,2019,971.949318638092
LBR,Liberia,NY.GDP.PCAP.CD,2019,658.164180770507
GNB,Guinea-Bissau,NY.GDP.PCAP.CD,2019,811.216425885129
GIN,Guinea,NY.GDP.PCAP.CD,2019,1031.34146480732
GHA,Ghana,NY.GDP.PCAP.CD,2019,2186.65822682613
GMB,"Gambia, The",NY.GDP.PCAP.CD,2019,738.186751987483
CIV,Cote d'Ivoire,NY.GDP.PCAP.CD,2019,2141.76836170115
CPV,Cabo Verde,NY.GDP.PCAP.CD,2019,4380.78117331128
BFA,Burkina Faso,NY.GDP.PCAP.CD,2019,764.853077774946
BEN,Benin,NY.GDP.PCAP.CD,2019,1130.82135339795
TGO,Togo,SP.POP.TOTL,2019,8463068.0
SLE,Sierra Leone,SP.POP.TOTL,2019,7731991.0
SEN,Senegal,SP.POP.TOTL,2019,16352922.0
NGA,Nigeria,SP.POP.TOTL,2019,209485641.0
NER,Niger,SP.POP.TOTL,2019,22947757.0
MRT,Mauritania,SP.POP.TOTL,2019,4467708.0
MLI,Mali,SP.POP.TOTL,2019,21068405.0
LBR,Liberia,SP.POP.TOTL,2019,5043721.0
GNB,Guinea-Bissau,SP.POP.TOTL,2019,1967696.0
GIN,Guinea,SP.POP.TOTL,2019,13034346.0
GHA,Ghana,SP.POP.TOTL,2019,31258945.0
GMB,"Gambia, The",SP.POP.TOTL,2019,2456844.0
CIV,Cote d'Ivoire,SP.POP.TOTL,2019,28193009.0
CPV,Cabo Verde,SP.POP.TOTL,2019,514104.0
BFA,Burkina Faso,SP.POP.TOTL,2019,20961952.0
BEN,Benin,SP.POP.TOTL,2019,12726755.0
TGO,Togo,SP.DYN.LE00.IN,2019,61.055
SLE,Sierra Leone,SP.DYN.LE00.IN,2019,59.593
SEN,Senegal,SP.DYN.LE00.IN,2019,67.668
NGA,Nigeria,SP.DYN.LE00.IN,2019,53.009
NER,Niger,SP.DYN.LE00.IN,2019,60.031
MRT,Mauritania,SP.DYN.LE00.IN,2019,67.64
MLI,Mali,SP.DYN.LE00.IN,2019,59.217
LBR,Liberia,SP.DYN.LE00.IN,2019,61.232
GNB,Guinea-Bissau,SP.DYN.LE00.IN,2019,62.161
GIN,Guinea,SP.DYN.LE00.IN,2019,59.379
GHA,Ghana,SP.DYN.LE00.IN,2019,64.455
GMB,"Gambia, The",SP.DYN.LE00.IN,2019,64.427
CIV,Cote d'Ivoire,SP.DYN.LE00.IN,2019,60.274
CPV,Cabo Verde,SP.DYN.LE00.IN,2019,75.449
BFA,Burkina Faso,SP.DYN.LE00.IN,2019,60.184
BEN,Benin,SP.DYN.LE00.IN,2019,59.888
TGO,Togo,SE.ADT.LITR.ZS,2019,66.5400009155273
SLE,Sierra Leone,SE.ADT.LITR.ZS,2019,43.5800018310547
SEN,Senegal,SE.ADT.LITR.ZS,2019,46.8300018310547
NGA,Nigeria,SE.ADT.LITR.ZS,2019,
NER,Niger,SE.ADT.LITR.ZS,2019,
MRT,Mauritania,SE.ADT.LITR.ZS,2019,
MLI,Mali,SE.ADT.LITR.ZS,2019,
LBR,Liberia,SE.ADT.LITR.ZS,2019,
GNB,Guinea-Bissau,SE.ADT.LITR.ZS,2019,54.8800010681152
GIN,Guinea,SE.ADT.LITR.ZS,2019,
GHA,Ghana,SE.ADT.LITR.ZS,2019,
GMB,"Gambia, The",SE.ADT.LITR.ZS,2019,
CIV,Cote d'Ivoire,SE.ADT.LITR.ZS,2019,56.9804529419494
CPV,Cabo Verde,SE.ADT.LITR.ZS,2019,
BFA,Burkina Faso,SE.ADT.LITR.ZS,2019,29.6599998474121
BEN,Benin,SE.ADT.LITR.ZS,2019,49.0
TGO,Togo,SH.DYN.MORT,2019,66.3
SLE,Sierra Leone,SH.DYN.MORT,2019,109.1
SEN,Senegal,SH.DYN.MORT,2019,46.5
NGA,Nigeria,SH.DYN.MORT,2019,117.5
NER,Niger,SH.DYN.MORT,2019,121.8
MRT,Mauritania,SH.DYN.MORT,2019,43.0
MLI,Mali,SH.DYN.MORT,2019,103.1
LBR,Liberia,SH.DYN.MORT,2019,81.9
GNB,Guinea-Bissau,SH.DYN.MORT,2019,79.1
GIN,Guinea,SH.DYN.MORT,2019,105.7
GHA,Ghana,SH.DYN.MORT,2019,43.9
GMB,"Gambia, The",SH.DYN.MORT,2019,50.7
CIV,Cote d'Ivoire,SH.DYN.MORT,2019,75.9
CPV,Cabo Verde,SH.DYN.MORT,2019,14.1
BFA,Burkina Faso,SH.DYN.MORT,2019,88.2
BEN,Benin,SH.DYN.MORT,2019,88.0
TGO,Togo,IT.NET.USER.ZS,2019,20.7273
SLE,Sierra Leone,IT.NET.USER.ZS,2019,15.7137
SEN,Senegal,IT.NET.USER.ZS,2019,43.4
NGA,Nigeria,IT.NET.USER.ZS,2019,29.7
NER,Niger,IT.NET.USER.ZS,2019,16.6119
MRT,Mauritania,IT.NET.USER.ZS,2019,25.0978
MLI,Mali,IT.NET.USER.ZS,2019,24.9603
LBR,Liberia,IT.NET.USER.ZS,2019,18.3141
GNB,Guinea-Bissau,IT.NET.USER.ZS,2019,17.9215
GIN,Guinea,IT.NET.USER.ZS,2019,22.6255
GHA,Ghana,IT.NET.USER.ZS,2019,22.0732
GMB,"Gambia, The",IT.NET.USER.ZS,2019,31.1183
CIV,Cote d'Ivoire,IT.NET.USER.ZS,2019,36.289
CPV,Cabo Verde,IT.NET.USER.ZS,2019,61.9434
BFA,Burkina Faso,IT.NET.USER.ZS,2019,9.27181
BEN,Benin,IT.NET.USER.ZS,2019,20.5
TGO,Togo,SL.UEM.TOTL.ZS,2019,2.036
SLE,Sierra Leone,SL.UEM.TOTL.ZS,2019,3.203
SEN,Senegal,SL.UEM.TOTL.ZS,2019,2.863
NGA,Nigeria,SL.UEM.TOTL.ZS,2019,5.206
NER,Niger,SL.UEM.TOTL.ZS,2019,0.531
MRT,Mauritania,SL.UEM.TOTL.ZS,2019,10.416
MLI,Mali,SL.UEM.TOTL.ZS,2019,3.29
LBR,Liberia,SL.UEM.TOTL.ZS,2019,3.068
GNB,Guinea-Bissau,SL.UEM.TOTL.ZS,2019,2.413
GIN,Guinea,SL.UEM.TOTL.ZS,2019,5.018
GHA,Ghana,SL.UEM.TOTL.ZS,2019,3.16
GMB,"Gambia, The",SL.UEM.TOTL.ZS,2019,4.538
CIV,Cote d'Ivoire,SL.UEM.TOTL.ZS,2019,2.401
CPV,Cabo Verde,SL.UEM.TOTL.ZS,2019,12.128
BFA,Burkina Faso,SL.UEM.TOTL.ZS,2019,4.71
BEN,Benin,SL.UEM.TOTL.ZS,2019,1.214
TGO,Togo,EG.ELC.ACCS.ZS,2019,52.5
SLE,Sierra Leone,EG.ELC.ACCS.ZS,2019,22.7
SEN,Senegal,EG.ELC.ACCS.ZS,2019,70.4
NGA,Nigeria,EG.ELC.ACCS.ZS,2019,55.4
NER,Niger,EG.ELC.ACCS.ZS,2019,18.5
MRT,Mauritania,EG.ELC.ACCS.ZS,2019,44.9
MLI,Mali,EG.ELC.ACCS.ZS,2019,47.9
LBR,Liberia,EG.ELC.ACCS.ZS,2019,23.1
GNB,Guinea-Bissau,EG.ELC.ACCS.ZS,2019,30.9
GIN,Guinea,EG.ELC.ACCS.ZS,2019,42.2
GHA,Ghana,EG.ELC.ACCS.ZS,2019,83.5
GMB,"Gambia, The",EG.ELC.ACCS.ZS,2019,62.1
CIV,Cote d'Ivoire,EG.ELC.ACCS.ZS,2019,68.6
CPV,Cabo Verde,EG.ELC.ACCS.ZS,2019,91.4
BFA,Burkina Faso,EG.ELC.ACCS.ZS,2019,17.6
BEN,Benin,EG.ELC.ACCS.ZS,2019,40.0
TGO,Togo,SI.POV.DDAY,2019,
SLE,Sierra Leone,SI.POV.DDAY,2019,
SEN,Senegal,SI.POV.DDAY,2019,
NGA,Nigeria,SI.POV.DDAY,2019,
NER,Niger,SI.POV.DDAY,2019,
MRT,Mauritania,SI.POV.DDAY,2019,10.2
MLI,Mali,SI.POV.DDAY,2019,
LBR,Liberia,SI.POV.DDAY,2019,
GNB,Guinea-Bissau,SI.POV.DDAY,2019,
GIN,Guinea,SI.POV.DDAY,2019,
GHA,Ghana,SI.POV.DDAY,2019,
GMB,"Gambia, The",SI.POV.DDAY,2019,
CIV,Cote d'Ivoire,SI.POV.DDAY,2019,
CPV,Cabo Verde,SI.POV.DDAY,2019,
BFA,Burkina Faso,SI.POV.DDAY,2019,
BEN,Benin,SI.POV.DDAY,2019,
TGO,Togo,NY.GDP.MKTP.KD.ZG,2019,4.92283321360694
SLE,Sierra Leone,NY.GDP.MKTP.KD.ZG,2019,5.50270937378153
SEN,Senegal,NY.GDP.MKTP.KD.ZG,2019,4.61362809749708
NGA,Nigeria,NY.GDP.MKTP.KD.ZG,2019,2.20842927714892
NER,Niger,NY.GDP.MKTP.KD.ZG,2019,5.93985257123522
MRT,Mauritania,NY.GDP.MKTP.KD.ZG,2019,3.14100489306969
MLI,Mali,NY.GDP.MKTP.KD.ZG,2019,4.99999911608818
LBR,Liberia,NY.GDP.MKTP.KD.ZG,2019,-2.46729763532686
GNB,Guinea-Bissau,NY.GDP.MKTP.KD.ZG,2019,5.32749571119344
GIN,Guinea,NY.GDP.MKTP.KD.ZG,2019,5.61691446889876
GHA,Ghana,NY.GDP.MKTP.KD.ZG,2019,6.5077747939152
GMB,"Gambia, The",NY.GDP.MKTP.KD.ZG,2019,6.22205315994859
CIV,Cote d'Ivoire,NY.GDP.MKTP.KD.ZG,2019,6.72137167584978
CPV,Cabo Verde,NY.GDP.MKTP.KD.ZG,2019,6.94782634051859
BFA,Burkina Faso,NY.GDP.MKTP.KD.ZG,2019,5.88920497068135
BEN,Benin,NY.GDP.MKTP.KD.ZG,2019,6.86568662848335
TGO,Togo,NY.GDP.PCAP.CD,2020,863.468665870276
SLE,Sierra Leone,NY.GDP.PCAP.CD,2020,845.277557920549
SEN,Senegal,NY.GDP.PCAP.CD,2020,1461.08720350553
NGA,Nigeria,NY.GDP.PCAP.CD,2020,2797.18458068686
NER,Niger,NY.GDP.PCAP.CD,2020,579.512495758236
MRT,Mauritania,NY.GDP.PCAP.CD,2020,1795.76459566714
MLI,Mali,NY.GDP.PCAP.CD,2020,953.242943290974
LBR,Liberia,NY.GDP.PCAP.CD,2020,616.787867006715
GNB,Guinea-Bissau,NY.GDP.PCAP.CD,2020,846.915855715971
GIN,Guinea,NY.GDP.PCAP.CD,2020,1053.66097696415
GHA,Ghana,NY.GDP.PCAP.CD,2020,2195.45481659987
GMB,"Gambia, The",NY.GDP.PCAP.CD,2020,720.335143352133
CIV,Cote d'Ivoire,NY.GDP.PCAP.CD,2020,2179.72934832935
CPV,Cabo Verde,NY.GDP.PCAP.CD,2020,3539.22661248299
BFA,Burkina Faso,NY.GDP.PCAP.CD,2020,825.237038782475
BEN,Benin,NY.GDP.PCAP.CD,2020,1200.19426557789
TGO,Togo,SP.POP.TOTL,2020,8669720.0
SLE,Sierra Leone,SP.POP.TOTL,2020,7912558.0
SEN,Senegal,SP.POP.TOTL,2020,16789219.0
NGA,Nigeria,SP.POP.TOTL,2020,213996181.0
NER,Niger,SP.POP.TOTL,2020,23717613.0
MRT,Mauritania,SP.POP.TOTL,2020,4600131.0
MLI,Mali,SP.POP.TOTL,2020,21713836.0
LBR,Liberia,SP.POP.TOTL,2020,5149463.0
GNB,Guinea-Bissau,SP.POP.TOTL,2020,2013255.0
GIN,Guinea,SP.POP.TOTL,2020,13371183.0
GHA,Ghana,SP.POP.TOTL,2020,31887809.0
GMB,"Gambia, The",SP.POP.TOTL,2020,2515733.0
CIV,Cote d'Ivoire,SP.POP.TOTL,2020,28915449.0
CPV,Cabo Verde,SP.POP.TOTL,2020,514679.0
BFA,Burkina Faso,SP.POP.TOTL,2020,21478690.0
BEN,Benin,SP.POP.TOTL,2020,13070169.0
TGO,Togo,SP.DYN.LE00.IN,2020,61.123
SLE,Sierra Leone,SP.DYN.LE00.IN,2020,59.694
SEN,Senegal,SP.DYN.LE00.IN,2020,67.496
NGA,Nigeria,SP.DYN.LE00.IN,2020,53.072
NER,Niger,SP.DYN.LE00.IN,2020,59.89
MRT,Mauritania,SP.DYN.LE00.IN,2020,66.794
MLI,Mali,SP.DYN.LE00.IN,2020,58.858
LBR,Liberia,SP.DYN.LE00.IN,2020,61.267
GNB,Guinea-Bissau,SP.DYN.LE00.IN,2020,61.343
GIN,Guinea,SP.DYN.LE00.IN,2020,59.35
GHA,Ghana,SP.DYN.LE00.IN,2020,64.309
GMB,"Gambia, The",SP.DYN.LE00.IN,2020,64.418
CIV,Cote d'Ivoire,SP.DYN.LE00.IN,2020,60.14
CPV,Cabo Verde,SP.DYN.LE00.IN,2020,73.818
BFA,Burkina Faso,SP.DYN.LE00.IN,2020,60.454
BEN,Benin,SP.DYN.LE00.IN,2020,60.154
TGO,Togo,SE.ADT.LITR.ZS,2020,
SLE,Sierra Leone,SE.ADT.LITR.ZS,2020,
SEN,Senegal,SE.ADT.LITR.ZS,2020,
NGA,Nigeria,SE.ADT.LITR.ZS,2020,
NER,Niger,SE.ADT.LITR.ZS,2020,
MRT,Mauritania,SE.ADT.LITR.ZS,2020,59.5299987792969
MLI,Mali,SE.ADT.LITR.ZS,2020,
LBR,Liberia,SE.ADT.LITR.ZS,2020,
GNB,Guinea-Bissau,SE.ADT.LITR.ZS,2020,
GIN,Guinea,SE.ADT.LITR.ZS,2020,
GHA,Ghana,SE.ADT.LITR.ZS,2020,
GMB,"Gambia, The",SE.ADT.LITR.ZS,2020,
CIV,Cote d'Ivoire,SE.ADT.LITR.ZS,2020,
CPV,Cabo Verde,SE.ADT.LITR.ZS,2020,
BFA,Burkina Faso,SE.ADT.LITR.ZS,2020,
BEN,Benin,SE.ADT.LITR.ZS,2020,
TGO,Togo,SH.DYN.MORT,2020,64.3
SLE,Sierra Leone,SH.DYN.MORT,2020,105.1
SEN,Senegal,SH.DYN.MORT,2020,44.6
NGA,Nigeria,SH.DYN.MORT,2020,114.4
NER,Niger,SH.DYN.MORT,2020,120.6
MRT,Mauritania,SH.DYN.MORT,2020,41.7
MLI,Mali,SH.DYN.MORT,2020,100.0
LBR,Liberia,SH.DYN.MORT,2020,79.7
GNB,Guinea-Bissau,SH.DYN.MORT,2020,76.6
GIN,Guinea,SH.DYN.MORT,2020,103.2
GHA,Ghana,SH.DYN.MORT,2020,42.0
GMB,"Gambia, The",SH.DYN.MORT,2020,48.9
CIV,Cote d'Ivoire,SH.DYN.MORT,2020,73.7
CPV,Cabo Verde,SH.DYN.MORT,2020,13.3
BFA,Burkina Faso,SH.DYN.MORT,2020,85.3
BEN,Benin,SH.DYN.MORT,2020,85.5
TGO,Togo,IT.NET.USER.ZS,2020,29.0237
SLE,Sierra Leone,IT.NET.USER.ZS,2020,17.1208
SEN,Senegal,IT.NET.USER.ZS,2020,53.3088
NGA,Nigeria,IT.NET.USER.ZS,2020,31.8888
NER,Niger,IT.NET.USER.ZS,2020,17.0375
MRT,Mauritania,IT.NET.USER.ZS,2020,27.4262
MLI,Mali,IT.NET.USER.ZS,2020,29.113
LBR,Liberia,IT.NET.USER.ZS,2020,19.4126
GNB,Guinea-Bissau,IT.NET.USER.ZS,2020,20.4573
GIN,Guinea,IT.NET.USER.ZS,2020,23.4499
GHA,Ghana,IT.NET.USER.ZS,2020,62.5176
GMB,"Gambia, The",IT.NET.USER.ZS,2020,34.2172
CIV,Cote d'Ivoire,IT.NET.USER.ZS,2020,36.0166
CPV,Cabo Verde,IT.NET.USER.ZS,2020,69.3734
BFA,Burkina Faso,IT.NET.USER.ZS,2020,10.7927
BEN,Benin,IT.NET.USER.ZS,2020,22.1206
TGO,Togo,SL.UEM.TOTL.ZS,2020,2.225
SLE,Sierra Leone,SL.UEM.TOTL.ZS,2020,3.508
SEN,Senegal,SL.UEM.TOTL.ZS,2020,3.437
NGA,Nigeria,SL.UEM.TOTL.ZS,2020,5.742
NER,Niger,SL.UEM.TOTL.ZS,2020,0.594
MRT,Mauritania,SL.UEM.TOTL.ZS,2020,11.054
MLI,Mali,SL.UEM.TOTL.ZS,2020,3.528
LBR,Liberia,SL.UEM.TOTL.ZS,2020,4.109
GNB,Guinea-Bissau,SL.UEM.TOTL.ZS,2020,2.89
GIN,Guinea,SL.UEM.TOTL.ZS,2020,6.018
GHA,Ghana,SL.UEM.TOTL.ZS,2020,3.313
GMB,"Gambia, The",SL.UEM.TOTL.ZS,2020,5.892
CIV,Cote d'Ivoire,SL.UEM.TOTL.ZS,2020,2.584
CPV,Cabo Verde,SL.UEM.TOTL.ZS,2020,14.69
BFA,Burkina Faso,SL.UEM.TOTL.ZS,2020,5.04
BEN,Benin,SL.UEM.TOTL.ZS,2020,1.502
TGO,Togo,EG.ELC.ACCS.ZS,2020,54.1
SLE,Sierra Leone,EG.ELC.ACCS.ZS,2020,26.3
SEN,Senegal,EG.ELC.ACCS.ZS,2020,64.3
NGA,Nigeria,EG.ELC.ACCS.ZS,2020,55.4
NER,Niger,EG.ELC.ACCS.ZS,2020,18.7
MRT,Mauritania,EG.ELC.ACCS.ZS,2020,45.4
MLI,Mali,EG.ELC.ACCS.ZS,2020,50.6
LBR,Liberia,EG.ELC.ACCS.ZS,2020,27.6
GNB,Guinea-Bissau,EG.ELC.ACCS.ZS,2020,33.4
GIN,Guinea,EG.ELC.ACCS.ZS,2020,44.7
GHA,Ghana,EG.ELC.ACCS.ZS,2020,85.4
GMB,"Gambia, The",EG.ELC.ACCS.ZS,2020,62.2
CIV,Cote d'Ivoire,EG.ELC.ACCS.ZS,2020,69.9
CPV,Cabo Verde,EG.ELC.ACCS.ZS,2020,93.7
BFA,Burkina Faso,EG.ELC.ACCS.ZS,2020,18.5
BEN,Benin,EG.ELC.ACCS.ZS,2020,41.0
TGO,Togo,SI.POV.DDAY,2020,
SLE,Sierra Leone,SI.POV.DDAY,2020,
SEN,Senegal,SI.POV.DDAY,2020,
NGA,Nigeria,SI.POV.DDAY,2020,
NER,Niger,SI.POV.DDAY,2020,
MRT,Mauritania,SI.POV.DDAY,2020,
MLI,Mali,SI.POV.DDAY,2020,
LBR,Liberia,SI.POV.DDAY,2020,
GNB,Guinea-Bissau,SI.POV.DDAY,2020,
GIN,Guinea,SI.POV.DDAY,2020,
GHA,Ghana,SI.POV.DDAY,2020,
GMB,"Gambia, The",SI.POV.DDAY,2020,22.0
CIV,Cote d'Ivoire,SI.POV.DDAY,2020,
CPV,Cabo Verde,SI.POV.DDAY,2020,
BFA,Burkina Faso,SI.POV.DDAY,2020,
BEN,Benin,SI.POV.DDAY,2020,
TGO,Togo,NY.GDP.MKTP.KD.ZG,2020,2.16228657424364
SLE,Sierra Leone,NY.GDP.MKTP.KD.ZG,2020,-1.2533490322766
SEN,Senegal,NY.GDP.MKTP.KD.ZG,2020,1.3420737726679
NGA,Nigeria,NY.GDP.MKTP.KD.ZG,2020,-6.36889840510109
NER,Niger,NY.GDP.MKTP.KD.ZG,2020,3.55064109436891
MRT,Mauritania,NY.GDP.MKTP.KD.ZG,2020,-0.360657384151068
MLI,Mali,NY.GDP.MKTP.KD.ZG,2020,-1.16910834828603
LBR,Liberia,NY.GDP.MKTP.KD.ZG,2020,-2.98249127649473
GNB,Guinea-Bissau,NY.GDP.MKTP.KD.ZG,2020,2.89139814952995
GIN,Guinea,NY.GDP.MKTP.KD.ZG,2020,4.70459096113575
GHA,Ghana,NY.GDP.MKTP.KD.ZG,2020,0.513941670628171
GMB,"Gambia, The",NY.GDP.MKTP.KD.ZG,2020,0.591487287873974
CIV,Cote d'Ivoire,NY.GDP.MKTP.KD.ZG,2020,0.699728593494228
CPV,Cabo Verde,NY.GDP.MKTP.KD.ZG,2020,-20.8052758990735
BFA,Burkina Faso,NY.GDP.MKTP.KD.ZG,2020,2.01077262406221
BEN,Benin,NY.GDP.MKTP.KD.ZG,2020,3.84879240030133
TGO,Togo,NY.GDP.PCAP.CD,2021,962.075187515872
SLE,Sierra Leone,NY.GDP.PCAP.CD,2021,885.396401885395
SEN,Senegal,NY.GDP.PCAP.CD,2021,1598.10676952274
NGA,Nigeria,NY.GDP.PCAP.CD,2021,2787.48779224428
NER,Niger,NY.GDP.PCAP.CD,2021,608.722439593808
MRT,Mauritania,NY.GDP.PCAP.CD,2021,1947.78918383313
MLI,Mali,NY.GDP.PCAP.CD,2021,1027.27345365357
LBR,Liberia,NY.GDP.PCAP.CD,2021,667.96610514319
GNB,Guinea-Bissau,NY.GDP.PCAP.CD,2021,926.780921081233
GIN,Guinea,NY.GDP.PCAP.CD,2021,1244.96550477914
GHA,Ghana,NY.GDP.PCAP.CD,2021,2445.18662529344
GMB,"Gambia, The",NY.GDP.PCAP.CD,2021,781.890925169531
CIV,Cote d'Ivoire,NY.GDP.PCAP.CD,2021,2455.98127641148
CPV,Cabo Verde,NY.GDP.PCAP.CD,2021,3971.44409203423
BFA,Burkina Faso,NY.GDP.PCAP.CD,2021,895.535288442991
BEN,Benin,NY.GDP.PCAP.CD,2021,1318.65158075198
TGO,Togo,SP.POP.TOTL,2021,8878379.0
SLE,Sierra Leone,SP.POP.TOTL,2021,8094602.0
SEN,Senegal,SP.POP.TOTL,2021,17220867.0
NGA,Nigeria,SP.POP.TOTL,2021,218529286.0
NER,Niger,SP.POP.TOTL,2021,24502140.0
MRT,Mauritania,SP.POP.TOTL,2021,4734874.0
MLI,Mali,SP.POP.TOTL,2021,22388630.0
LBR,Liberia,SP.POP.TOTL,2021,5259323.0
GNB,Guinea-Bissau,SP.POP.TOTL,2021,2058841.0
GIN,Guinea,SP.POP.TOTL,2021,13710513.0
GHA,Ghana,SP.POP.TOTL,2021,32518665.0
GMB,"Gambia, The",SP.POP.TOTL,2021,2576010.0
CIV,Cote d'Ivoire,SP.POP.TOTL,2021,29639736.0
CPV,Cabo Verde,SP.POP.TOTL,2021,516649.0
BFA,Burkina Faso,SP.POP.TOTL,2021,21995243.0
BEN,Benin,SP.POP.TOTL,2021,13413417.0
TGO,Togo,SP.DYN.LE00.IN,2021,61.328
SLE,Sierra Leone,SP.DYN.LE00.IN,2021,60.26
SEN,Senegal,SP.DYN.LE00.IN,2021,66.868
NGA,Nigeria,SP.DYN.LE00.IN,2021,53.455
NER,Niger,SP.DYN.LE00.IN,2021,59.542
MRT,Mauritania,SP.DYN.LE00.IN,2021,66.762
MLI,Mali,SP.DYN.LE00.IN,2021,59.116
LBR,Liberia,SP.DYN.LE00.IN,2021,61.166
GNB,Guinea-Bissau,SP.DYN.LE00.IN,2021,61.653
GIN,Guinea,SP.DYN.LE00.IN,2021,59.373
GHA,Ghana,SP.DYN.LE00.IN,2021,64.286
GMB,"Gambia, The",SP.DYN.LE00.IN,2021,63.847
CIV,Cote d'Ivoire,SP.DYN.LE00.IN,2021,60.29
CPV,Cabo Verde,SP.DYN.LE00.IN,2021,74.424
BFA,Burkina Faso,SP.DYN.LE00.IN,2021,60.046
BEN,Benin,SP.DYN.LE00.IN,2021,59.61
TGO,Togo,SE.ADT.LITR.ZS,2021,
SLE,Sierra Leone,SE.ADT.LITR.ZS,2021,
SEN,Senegal,SE.ADT.LITR.ZS,2021,
NGA,Nigeria,SE.ADT.LITR.ZS,2021,63.1599998474121
NER,Niger,SE.ADT.LITR.ZS,2021,
MRT,Mauritania,SE.ADT.LITR.ZS,2021,
MLI,Mali,SE.ADT.LITR.ZS,2021,
LBR,Liberia,SE.ADT.LITR.ZS,2021,
GNB,Guinea-Bissau,SE.ADT.LITR.ZS,2021,
GIN,Guinea,SE.ADT.LITR.ZS,2021,
GHA,Ghana,SE.ADT.LITR.ZS,2021,76.4899978637695
GMB,"Gambia, The",SE.ADT.LITR.ZS,2021,51.6399993896484
CIV,Cote d'Ivoire,SE.ADT.LITR.ZS,2021,50.0
CPV,Cabo Verde,SE.ADT.LITR.ZS,2021,
BFA,Burkina Faso,SE.ADT.LITR.ZS,2021,36.9700012207031
BEN,Benin,SE.ADT.LITR.ZS,2021,43.8300018310547
TGO,Togo,SH.DYN.MORT,2021,62.2
SLE,Sierra Leone,SH.DYN.MORT,2021,101.4
SEN,Senegal,SH.DYN.MORT,2021,42.5
NGA,Nigeria,SH.DYN.MORT,2021,111.3
NER,Niger,SH.DYN.MORT,2021,119.1
MRT,Mauritania,SH.DYN.MORT,2021,40.3
MLI,Mali,SH.DYN.MORT,2021,96.9
LBR,Liberia,SH.DYN.MORT,2021,77.4
GNB,Guinea-Bissau,SH.DYN.MORT,2021,74.1
GIN,Guinea,SH.DYN.MORT,2021,100.5
GHA,Ghana,SH.DYN.MORT,2021,40.2
GMB,"Gambia, The",SH.DYN.MORT,2021,47.2
CIV,Cote d'Ivoire,SH.DYN.MORT,2021,71.4
CPV,Cabo Verde,SH.DYN.MORT,2021,12.7
BFA,Burkina Faso,SH.DYN.MORT,2021,82.5
BEN,Benin,SH.DYN.MORT,2021,83.1
TGO,Togo,IT.NET.USER.ZS,2021,30.3384
SLE,Sierra Leone,IT.NET.USER.ZS,2021,18.6539
SEN,Senegal,IT.NET.USER.ZS,2021,57.2554
NGA,Nigeria,IT.NET.USER.ZS,2021,35.5098
NER,Niger,IT.NET.USER.ZS,2021,17.474
MRT,Mauritania,IT.NET.USER.ZS,2021,29.9707
MLI,Mali,IT.NET.USER.ZS,2021,33.9565
LBR,Liberia,IT.NET.USER.ZS,2021,20.5771
GNB,Guinea-Bissau,IT.NET.USER.ZS,2021,23.3519
GIN,Guinea,IT.NET.USER.ZS,2021,24.3044
GHA,Ghana,IT.NET.USER.ZS,2021,68.6
GMB,"Gambia, The",IT.NET.USER.ZS,2021,37.6247
CIV,Cote d'Ivoire,IT.NET.USER.ZS,2021,35.9507
CPV,Cabo Verde,IT.NET.USER.ZS,2021,70.2825
BFA,Burkina Faso,IT.NET.USER.ZS,2021,12.5631
BEN,Benin,IT.NET.USER.ZS,2021,28.2047
TGO,Togo,SL.UEM.TOTL.ZS,2021,2.333
SLE,Sierra Leone,SL.UEM.TOTL.ZS,2021,3.556
SEN,Senegal,SL.UEM.TOTL.ZS,2021,3.44
NGA,Nigeria,SL.UEM.TOTL.ZS,2021,5.45
NER,Niger,SL.UEM.TOTL.ZS,2021,0.78
MRT,Mauritania,SL.UEM.TOTL.ZS,2021,11.144
MLI,Mali,SL.UEM.TOTL.ZS,2021,3.966
LBR,Liberia,SL.UEM.TOTL.ZS,2021,3.845
GNB,Guinea-Bissau,SL.UEM.TOTL.ZS,2021,3.031
GIN,Guinea,SL.UEM.TOTL.ZS,2021,5.827
GHA,Ghana,SL.UEM.TOTL.ZS,2021,3.384
GMB,"Gambia, The",SL.UEM.TOTL.ZS,2021,6.269
CIV,Cote d'Ivoire,SL.UEM.TOTL.ZS,2021,2.63
CPV,Cabo Verde,SL.UEM.TOTL.ZS,2021,13.976
BFA,Burkina Faso,SL.UEM.TOTL.ZS,2021,5.2
BEN,Benin,SL.UEM.TOTL.ZS,2021,1.779
TGO,Togo,EG.ELC.ACCS.ZS,2021,55.7
SLE,Sierra Leone,EG.ELC.ACCS.ZS,2021,27.5
SEN,Senegal,EG.ELC.ACCS.ZS,2021,68.0
NGA,Nigeria,EG.ELC.ACCS.ZS,2021,59.5
NER,Niger,EG.ELC.ACCS.ZS,2021,18.6
MRT,Mauritania,EG.ELC.ACCS.ZS,2021,47.7
MLI,Mali,EG.ELC.ACCS.ZS,2021,53.4
LBR,Liberia,EG.ELC.ACCS.ZS,2021,29.8
GNB,Guinea-Bissau,EG.ELC.ACCS.ZS,2021,35.8
GIN,Guinea,EG.ELC.ACCS.ZS,2021,46.8
GHA,Ghana,EG.ELC.ACCS.ZS,2021,86.3
GMB,"Gambia, The",EG.ELC.ACCS.ZS,2021,63.7
CIV,Cote d'Ivoire,EG.ELC.ACCS.ZS,2021,71.1
CPV,Cabo Verde,EG.ELC.ACCS.ZS,2021,95.5
BFA,Burkina Faso,EG.ELC.ACCS.ZS,2021,19.0
BEN,Benin,EG.ELC.ACCS.ZS,2021,42.0
TGO,Togo,SI.POV.DDAY,2021,34.4
SLE,Sierra Leone,SI.POV.DDAY,2021,
SEN,Senegal,SI.POV.DDAY,2021,17.9
NGA,Nigeria,SI.POV.DDAY,2021,
NER,Niger,SI.POV.DDAY,2021,60.5
MRT,Mauritania,SI.POV.DDAY,2021,
MLI,Mali,SI.POV.DDAY,2021,36.1
LBR,Liberia,SI.POV.DDAY,2021,
GNB,Guinea-Bissau,SI.POV.DDAY,2021,39.9
GIN,Guinea,SI.POV.DDAY,2021,
GHA,Ghana,SI.POV.DDAY,2021,
GMB,"Gambia, The",SI.POV.DDAY,2021,
CIV,Cote d'Ivoire,SI.POV.DDAY,2021,20.9
CPV,Cabo Verde,SI.POV.DDAY,2021,
BFA,Burkina Faso,SI.POV.DDAY,2021,42.1
BEN,Benin,SI.POV.DDAY,2021,27.2
TGO,Togo,NY.GDP.MKTP.KD.ZG,2021,5.12890113701732
SLE,Sierra Leone,NY.GDP.MKTP.KD.ZG,2021,5.8968527047094
SEN,Senegal,NY.GDP.MKTP.KD.ZG,2021,6.54400109964304
NGA,Nigeria,NY.GDP.MKTP.KD.ZG,2021,1.10925253938163
NER,Niger,NY.GDP.MKTP.KD.ZG,2021,1.38359636198477
MRT,Mauritania,NY.GDP.MKTP.KD.ZG,2021,0.742715486567747
MLI,Mali,NY.GDP.MKTP.KD.ZG,2021,3.10094124444834
LBR,Liberia,NY.GDP.MKTP.KD.ZG,2021,4.98671283481617
GNB,Guinea-Bissau,NY.GDP.MKTP.KD.ZG,2021,5.05055831244401
GIN,Guinea,NY.GDP.MKTP.KD.ZG,2021,5.5823328114905
GHA,Ghana,NY.GDP.MKTP.KD.ZG,2021,5.07646643533542
GMB,"Gambia, The",NY.GDP.MKTP.KD.ZG,2021,5.25596878816744
CIV,Cote d'Ivoire,NY.GDP.MKTP.KD.ZG,2021,7.06332910205232
CPV,Cabo Verde,NY.GDP.MKTP.KD.ZG,2021,7.03353010694514
BFA,Burkina Faso,NY.GDP.MKTP.KD.ZG,2021,6.94252492572348
BEN,Benin,NY.GDP.MKTP.KD.ZG,2021,7.1554516457574
TGO,Togo,NY.GDP.PCAP.CD,2022,951.232378690387
SLE,Sierra Leone,NY.GDP.PCAP.CD,2022,860.371067916096
SEN,Senegal,NY.GDP.PCAP.CD,2022,1574.0281059306
NGA,Nigeria,NY.GDP.PCAP.CD,2022,2899.16047470324
NER,Niger,NY.GDP.PCAP.CD,2022,609.745147574878
MRT,Mauritania,NY.GDP.PCAP.CD,2022,1960.35240077424
MLI,Mali,NY.GDP.PCAP.CD,2022,976.914116406452
LBR,Liberia,NY.GDP.PCAP.CD,2022,744.617175237387
GNB,Guinea-Bissau,NY.GDP.PCAP.CD,2022,883.199131457831
GIN,Guinea,NY.GDP.PCAP.CD,2022,1416.59612011764
GHA,Ghana,NY.GDP.PCAP.CD,2022,2229.89122647803
GMB,"Gambia, The",NY.GDP.PCAP.CD,2022,836.244875868476
CIV,Cote d'Ivoire,NY.GDP.PCAP.CD,2022,2333.37128301259
CPV,Cabo Verde,NY.GDP.PCAP.CD,2022,4323.31362032709
BFA,Burkina Faso,NY.GDP.PCAP.CD,2022,827.330843486661
BEN,Benin,NY.GDP.PCAP.CD,2022,1266.42711031904
TGO,Togo,SP.POP.TOTL,2022,9089738.0
SLE,Sierra Leone,SP.POP.TOTL,2022,8276807.0
SEN,Senegal,SP.POP.TOTL,2022,17651103.0
NGA,Nigeria,SP.POP.TOTL,2022,223150896.0
NER,Niger,SP.POP.TOTL,2022,25311973.0
MRT,Mauritania,SP.POP.TOTL,2022,4875637.0
MLI,Mali,SP.POP.TOTL,2022,23072640.0
LBR,Liberia,SP.POP.TOTL,2022,5373294.0
GNB,Guinea-Bissau,SP.POP.TOTL,2022,2105529.0
GIN,Guinea,SP.POP.TOTL,2022,14055137.0
GHA,Ghana,SP.POP.TOTL,2022,33149152.0
GMB,"Gambia, The",SP.POP.TOTL,2022,2636470.0
CIV,Cote d'Ivoire,SP.POP.TOTL,2022,30395002.0
CPV,Cabo Verde,SP.POP.TOTL,2022,519741.0
BFA,Burkina Faso,SP.POP.TOTL,2022,22509038.0
BEN,Benin,SP.POP.TOTL,2022,13759501.0
TGO,Togo,SP.DYN.LE00.IN,2022,62.29
SLE,Sierra Leone,SP.DYN.LE00.IN,2022,61.275
SEN,Senegal,SP.DYN.LE00.IN,2022,67.788
NGA,Nigeria,SP.DYN.LE00.IN,2022,54.079
NER,Niger,SP.DYN.LE00.IN,2022,60.398
MRT,Mauritania,SP.DYN.LE00.IN,2022,68.281
MLI,Mali,SP.DYN.LE00.IN,2022,60.035
LBR,Liberia,SP.DYN.LE00.IN,2022,61.934
GNB,Guinea-Bissau,SP.DYN.LE00.IN,2022,63.605
GIN,Guinea,SP.DYN.LE00.IN,2022,60.432
GHA,Ghana,SP.DYN.LE00.IN,2022,65.246
GMB,"Gambia, The",SP.DYN.LE00.IN,2022,64.859
CIV,Cote d'Ivoire,SP.DYN.LE00.IN,2022,61.562
CPV,Cabo Verde,SP.DYN.LE00.IN,2022,75.907
BFA,Burkina Faso,SP.DYN.LE00.IN,2022,60.7
BEN,Benin,SP.DYN.LE00.IN,2022,60.475
TGO,Togo,SE.ADT.LITR.ZS,2022,72.5999984741211
SLE,Sierra Leone,SE.ADT.LITR.ZS,2022,
SEN,Senegal,SE.ADT.LITR.ZS,2022,
NGA,Nigeria,SE.ADT.LITR.ZS,2022,
NER,Niger,SE.ADT.LITR.ZS,2022,35.6100006103516
MRT,Mauritania,SE.ADT.LITR.ZS,2022,
MLI,Mali,SE.ADT.LITR.ZS,2022,
LBR,Liberia,SE.ADT.LITR.ZS,2022,
GNB,Guinea-Bissau,SE.ADT.LITR.ZS,2022,63.9300003051758
GIN,Guinea,SE.ADT.LITR.ZS,2022,
GHA,Ghana,SE.ADT.LITR.ZS,2022,
GMB,"Gambia, The",SE.ADT.LITR.ZS,2022,
CIV,Cote d'Ivoire,SE.ADT.LITR.ZS,2022,
CPV,Cabo Verde,SE.ADT.LITR.ZS,2022,
BFA,Burkina Faso,SE.ADT.LITR.ZS,2022,40.9199981689453
BEN,Benin,SE.ADT.LITR.ZS,2022,51.3800010681152
TGO,Togo,SH.DYN.MORT,2022,60.2
SLE,Sierra Leone,SH.DYN.MORT,2022,97.7
SEN,Senegal,SH.DYN.MORT,2022,40.4
NGA,Nigeria,SH.DYN.MORT,2022,108.1
NER,Niger,SH.DYN.MORT,2022,117.1
MRT,Mauritania,SH.DYN.MORT,2022,39.1
MLI,Mali,SH.DYN.MORT,2022,94.0
LBR,Liberia,SH.DYN.MORT,2022,75.1
GNB,Guinea-Bissau,SH.DYN.MORT,2022,71.6
GIN,Guinea,SH.DYN.MORT,2022,97.8
GHA,Ghana,SH.DYN.MORT,2022,38.5
GMB,"Gambia, The",SH.DYN.MORT,2022,45.6
CIV,Cote d'Ivoire,SH.DYN.MORT,2022,69.2
CPV,Cabo Verde,SH.DYN.MORT,2022,12.1
BFA,Burkina Faso,SH.DYN.MORT,2022,79.9
BEN,Benin,SH.DYN.MORT,2022,80.4
TGO,Togo,IT.NET.USER.ZS,2022,35.5105
SLE,Sierra Leone,IT.NET.USER.ZS,2022,19.2287
SEN,Senegal,IT.NET.USER.ZS,2022,59.2246
NGA,Nigeria,IT.NET.USER.ZS,2022,37.6975
NER,Niger,IT.NET.USER.ZS,2022,23.2982
MRT,Mauritania,IT.NET.USER.ZS,2022,34.3001
MLI,Mali,IT.NET.USER.ZS,2022,34.3797
LBR,Liberia,IT.NET.USER.ZS,2022,21.8966
GNB,Guinea-Bissau,IT.NET.USER.ZS,2022,27.5672
GIN,Guinea,IT.NET.USER.ZS,2022,24.6954
GHA,Ghana,IT.NET.USER.ZS,2022,69.3607
GMB,"Gambia, The",IT.NET.USER.ZS,2022,44.0389
CIV,Cote d'Ivoire,IT.NET.USER.ZS,2022,38.4133
CPV,Cabo Verde,IT.NET.USER.ZS,2022,72.7601
BFA,Burkina Faso,IT.NET.USER.ZS,2022,14.6238
BEN,Benin,IT.NET.USER.ZS,2022,30.0134
TGO,Togo,SL.UEM.TOTL.ZS,2022,1.965
SLE,Sierra Leone,SL.UEM.TOTL.ZS,2022,3.175
SEN,Senegal,SL.UEM.TOTL.ZS,2022,2.837
NGA,Nigeria,SL.UEM.TOTL.ZS,2022,3.821
NER,Niger,SL.UEM.TOTL.ZS,2022,0.418
MRT,Mauritania,SL.UEM.TOTL.ZS,2022,10.531
MLI,Mali,SL.UEM.TOTL.ZS,2022,2.387
LBR,Liberia,SL.UEM.TOTL.ZS,2022,2.977
GNB,Guinea-Bissau,SL.UEM.TOTL.ZS,2022,2.666
GIN,Guinea,SL.UEM.TOTL.ZS,2022,5.267
GHA,Ghana,SL.UEM.TOTL.ZS,2022,3.084
GMB,"Gambia, The",SL.UEM.TOTL.ZS,2022,6.076
CIV,Cote d'Ivoire,SL.UEM.TOTL.ZS,2022,2.306
CPV,Cabo Verde,SL.UEM.TOTL.ZS,2022,12.246
BFA,Burkina Faso,SL.UEM.TOTL.ZS,2022,5.389
BEN,Benin,SL.UEM.TOTL.ZS,2022,1.685
TGO,Togo,EG.ELC.ACCS.ZS,2022,57.2
SLE,Sierra Leone,EG.ELC.ACCS.ZS,2022,29.4
SEN,Senegal,EG.ELC.ACCS.ZS,2022,67.9
NGA,Nigeria,EG.ELC.ACCS.ZS,2022,60.5
NER,Niger,EG.ELC.ACCS.ZS,2022,19.5
MRT,Mauritania,EG.ELC.ACCS.ZS,2022,49.0
MLI,Mali,EG.ELC.ACCS.ZS,2022,53.0
LBR,Liberia,EG.ELC.ACCS.ZS,2022,31.8
GNB,Guinea-Bissau,EG.ELC.ACCS.ZS,2022,37.4
GIN,Guinea,EG.ELC.ACCS.ZS,2022,47.7
GHA,Ghana,EG.ELC.ACCS.ZS,2022,85.1
GMB,"Gambia, The",EG.ELC.ACCS.ZS,2022,65.4
CIV,Cote d'Ivoire,EG.ELC.ACCS.ZS,2022,72.0
CPV,Cabo Verde,EG.ELC.ACCS.ZS,2022,97.1
BFA,Burkina Faso,EG.ELC.ACCS.ZS,2022,19.5
BEN,Benin,EG.ELC.ACCS.ZS,2022,56.5
TGO,Togo,SI.POV.DDAY,2022,
SLE,Sierra Leone,SI.POV.DDAY,2022,
SEN,Senegal,SI.POV.DDAY,2022,
NGA,Nigeria,SI.POV.DDAY,2022,41.8
NER,Niger,SI.POV.DDAY,2022,
MRT,Mauritania,SI.POV.DDAY,2022,
MLI,Mali,SI.POV.DDAY,2022,
LBR,Liberia,SI.POV.DDAY,2022,
GNB,Guinea-Bissau,SI.POV.DDAY,2022,
GIN,Guinea,SI.POV.DDAY,2022,
GHA,Ghana,SI.POV.DDAY,2022,
GMB,"Gambia, The",SI.POV.DDAY,2022,
CIV,Cote d'Ivoire,SI.POV.DDAY,2022,
CPV,Cabo Verde,SI.POV.DDAY,2022,
BFA,Burkina Faso,SI.POV.DDAY,2022,
BEN,Benin,SI.POV.DDAY,2022,
TGO,Togo,NY.GDP.MKTP.KD.ZG,2022,6.29443692019429
SLE,Sierra Leone,NY.GDP.MKTP.KD.ZG,2022,5.3135546141915
SEN,Senegal,NY.GDP.MKTP.KD.ZG,2022,3.85043193735768
NGA,Nigeria,NY.GDP.MKTP.KD.ZG,2022,4.31882949523192
NER,Niger,NY.GDP.MKTP.KD.ZG,2022,11.9000000000277
MRT,Mauritania,NY.GDP.MKTP.KD.ZG,2022,6.79600500489967
MLI,Mali,NY.GDP.MKTP.KD.ZG,2022,3.70319027595568
LBR,Liberia,NY.GDP.MKTP.KD.ZG,2022,4.80810517290655
GNB,Guinea-Bissau,NY.GDP.MKTP.KD.ZG,2022,5.52987253058352
GIN,Guinea,NY.GDP.MKTP.KD.ZG,2022,3.97240784200721
GHA,Ghana,NY.GDP.MKTP.KD.ZG,2022,3.80484980952164
GMB,"Gambia, The",NY.GDP.MKTP.KD.ZG,2022,5.49299823010114
CIV,Cote d'Ivoire,NY.GDP.MKTP.KD.ZG,2022,6.39988362720531
CPV,Cabo Verde,NY.GDP.MKTP.KD.ZG,2022,15.843675684642
BFA,Burkina Faso,NY.GDP.MKTP.KD.ZG,2022,1.62673258211919
BEN,Benin,NY.GDP.MKTP.KD.ZG,2022,6.25294705373625
TGO,Togo,NY.GDP.PCAP.CD,2023,1055.01727877926
SLE,Sierra Leone,NY.GDP.PCAP.CD,2023,758.329137378248
SEN,Senegal,NY.GDP.PCAP.CD,2023,1698.03387300843
NGA,Nigeria,NY.GDP.PCAP.CD,2023,2138.76383719983
NER,Niger,NY.GDP.PCAP.CD,2023,638.336080897887
MRT,Mauritania,NY.GDP.PCAP.CD,2023,2135.78187606359
MLI,Mali,NY.GDP.PCAP.CD,2023,1043.9533853528
LBR,Liberia,NY.GDP.PCAP.CD,2023,799.194470229642
GNB,Guinea-Bissau,NY.GDP.PCAP.CD,2023,988.087886357022
GIN,Guinea,NY.GDP.PCAP.CD,2023,1555.49375806861
GHA,Ghana,NY.GDP.PCAP.CD,2023,2383.90410483418
GMB,"Gambia, The",NY.GDP.PCAP.CD,2023,883.024111719809
CIV,Cote d'Ivoire,NY.GDP.PCAP.CD,2023,2591.9659048119
CPV,Cabo Verde,NY.GDP.PCAP.CD,2023,4794.90121917259
BFA,Burkina Faso,NY.GDP.PCAP.CD,2023,873.482589651003
BEN,Benin,NY.GDP.PCAP.CD,2023,1394.17784721831
TGO,Togo,SP.POP.TOTL,2023,9304337.0
SLE,Sierra Leone,SP.POP.TOTL,2023,8460512.0
SEN,Senegal,SP.POP.TOTL,2023,18077573.0
NGA,Nigeria,SP.POP.TOTL,2023,227882945.0
NER,Niger,SP.POP.TOTL,2023,26159867.0
MRT,Mauritania,SP.POP.TOTL,2023,5022441.0
MLI,Mali,SP.POP.TOTL,2023,23769127.0
LBR,Liberia,SP.POP.TOTL,2023,5493031.0
GNB,Guinea-Bissau,SP.POP.TOTL,2023,2153339.0
GIN,Guinea,SP.POP.TOTL,2023,14405468.0
GHA,Ghana,SP.POP.TOTL,2023,33787914.0
GMB,"Gambia, The",SP.POP.TOTL,2023,2697845.0
CIV,Cote d'Ivoire,SP.POP.TOTL,2023,31165654.0
CPV,Cabo Verde,SP.POP.TOTL,2023,522331.0
BFA,Burkina Faso,SP.POP.TOTL,2023,23025776.0
BEN,Benin,SP.POP.TOTL,2023,14111034.0
TGO,Togo,SP.DYN.LE00.IN,2023,62.739
SLE,Sierra Leone,SP.DYN.LE00.IN,2023,61.786
SEN,Senegal,SP.DYN.LE00.IN,2023,68.683
NGA,Nigeria,SP.DYN.LE00.IN,2023,54.462
NER,Niger,SP.DYN.LE00.IN,2023,61.183
MRT,Mauritania,SP.DYN.LE00.IN,2023,68.484
MLI,Mali,SP.DYN.LE00.IN,2023,60.439
LBR,Liberia,SP.DYN.LE00.IN,2023,62.163
GNB,Guinea-Bissau,SP.DYN.LE00.IN,2023,64.085
GIN,Guinea,SP.DYN.LE00.IN,2023,60.74
GHA,Ghana,SP.DYN.LE00.IN,2023,65.498
GMB,"Gambia, The",SP.DYN.LE00.IN,2023,65.86
CIV,Cote d'Ivoire,SP.DYN.LE00.IN,2023,61.944
CPV,Cabo Verde,SP.DYN.LE00.IN,2023,76.059
BFA,Burkina Faso,SP.DYN.LE00.IN,2023,61.092
BEN,Benin,SP.DYN.LE00.IN,2023,60.774
TGO,Togo,SE.ADT.LITR.ZS,2023,
SLE,Sierra Leone,SE.ADT.LITR.ZS,2023,
SEN,Senegal,SE.ADT.LITR.ZS,2023,50.3600006103516
NGA,Nigeria,SE.ADT.LITR.ZS,2023,
NER,Niger,SE.ADT.LITR.ZS,2023,
MRT,Mauritania,SE.ADT.LITR.ZS,2023,
MLI,Mali,SE.ADT.LITR.ZS,2023,
LBR,Liberia,SE.ADT.LITR.ZS,2023,
GNB,Guinea-Bissau,SE.ADT.LITR.ZS,2023,
GIN,Guinea,SE.ADT.LITR.ZS,2023,
GHA,Ghana,SE.ADT.LITR.ZS,2023,
GMB,"Gambia, The",SE.ADT.LITR.ZS,2023,
CIV,Cote d'Ivoire,SE.ADT.LITR.ZS,2023,
CPV,Cabo Verde,SE.ADT.LITR.ZS,2023,
BFA,Burkina Faso,SE.ADT.LITR.ZS,2023,41.442033530681
BEN,Benin,SE.ADT.LITR.ZS,2023,
TGO,Togo,SH.DYN.MORT,2023,58.3
SLE,Sierra Leone,SH.DYN.MORT,2023,94.3
SEN,Senegal,SH.DYN.MORT,2023,38.5
NGA,Nigeria,SH.DYN.MORT,2023,104.9
NER,Niger,SH.DYN.MORT,2023,114.8
MRT,Mauritania,SH.DYN.MORT,2023,37.8
MLI,Mali,SH.DYN.MORT,2023,91.3
LBR,Liberia,SH.DYN.MORT,2023,72.9
GNB,Guinea-Bissau,SH.DYN.MORT,2023,69.3
GIN,Guinea,SH.DYN.MORT,2023,95.0
GHA,Ghana,SH.DYN.MORT,2023,37.1
GMB,"Gambia, The",SH.DYN.MORT,2023,44.1
CIV,Cote d'Ivoire,SH.DYN.MORT,2023,67.1
CPV,Cabo Verde,SH.DYN.MORT,2023,11.6
BFA,Burkina Faso,SH.DYN.MORT,2023,77.3
BEN,Benin,SH.DYN.MORT,2023,77.9
TGO,Togo,IT.NET.USER.ZS,2023,37.0223
SLE,Sierra Leone,IT.NET.USER.ZS,2023,20.635
SEN,Senegal,IT.NET.USER.ZS,2023,60.6122
NGA,Nigeria,IT.NET.USER.ZS,2023,39.2136
NER,Niger,IT.NET.USER.ZS,2023,23.1879
MRT,Mauritania,IT.NET.USER.ZS,2023,37.3809
MLI,Mali,IT.NET.USER.ZS,2023,35.0921
LBR,Liberia,IT.NET.USER.ZS,2023,23.4979
GNB,Guinea-Bissau,IT.NET.USER.ZS,2023,32.4661
GIN,Guinea,IT.NET.USER.ZS,2023,26.5014
GHA,Ghana,IT.NET.USER.ZS,2023,69.9445
GMB,"Gambia, The",IT.NET.USER.ZS,2023,45.9137
CIV,Cote d'Ivoire,IT.NET.USER.ZS,2023,40.6528
CPV,Cabo Verde,IT.NET.USER.ZS,2023,73.539
BFA,Burkina Faso,IT.NET.USER.ZS,2023,17.0226
BEN,Benin,IT.NET.USER.ZS,2023,32.2083
TGO,Togo,SL.UEM.TOTL.ZS,2023,1.948
SLE,Sierra Leone,SL.UEM.TOTL.ZS,2023,3.153
SEN,Senegal,SL.UEM.TOTL.ZS,2023,2.8
NGA,Nigeria,SL.UEM.TOTL.ZS,2023,3.074
NER,Niger,SL.UEM.TOTL.ZS,2023,0.425
MRT,Mauritania,SL.UEM.TOTL.ZS,2023,10.446
MLI,Mali,SL.UEM.TOTL.ZS,2023,2.956
LBR,Liberia,SL.UEM.TOTL.ZS,2023,2.933
GNB,Guinea-Bissau,SL.UEM.TOTL.ZS,2023,2.65
GIN,Guinea,SL.UEM.TOTL.ZS,2023,5.244
GHA,Ghana,SL.UEM.TOTL.ZS,2023,3.063
GMB,"Gambia, The",SL.UEM.TOTL.ZS,2023,6.479
CIV,Cote d'Ivoire,SL.UEM.TOTL.ZS,2023,2.27
CPV,Cabo Verde,SL.UEM.TOTL.ZS,2023,11.971
BFA,Burkina Faso,SL.UEM.TOTL.ZS,2023,5.348
BEN,Benin,SL.UEM.TOTL.ZS,2023,1.657
TGO,Togo,EG.ELC.ACCS.ZS,2023,59.2
SLE,Sierra Leone,EG.ELC.ACCS.ZS,2023,35.5
SEN,Senegal,EG.ELC.ACCS.ZS,2023,74.2
NGA,Nigeria,EG.ELC.ACCS.ZS,2023,61.2
NER,Niger,EG.ELC.ACCS.ZS,2023,20.1
MRT,Mauritania,EG.ELC.ACCS.ZS,2023,50.3
MLI,Mali,EG.ELC.ACCS.ZS,2023,54.5
LBR,Liberia,EG.ELC.ACCS.ZS,2023,32.5
GNB,Guinea-Bissau,EG.ELC.ACCS.ZS,2023,40.5
GIN,Guinea,EG.ELC.ACCS.ZS,2023,51.1
GHA,Ghana,EG.ELC.ACCS.ZS,2023,89.5
GMB,"Gambia, The",EG.ELC.ACCS.ZS,2023,66.9
CIV,Cote d'Ivoire,EG.ELC.ACCS.ZS,2023,72.4
CPV,Cabo Verde,EG.ELC.ACCS.ZS,2023,98.6
BFA,Burkina Faso,EG.ELC.ACCS.ZS,2023,21.7
BEN,Benin,EG.ELC.ACCS.ZS,2023,57.0
TGO,Togo,SI.POV.DDAY,2023,
SLE,Sierra Leone,SI.POV.DDAY,2023,
SEN,Senegal,SI.POV.DDAY,2023,
NGA,Nigeria,SI.POV.DDAY,2023,
NER,Niger,SI.POV.DDAY,2023,
MRT,Mauritania,SI.POV.DDAY,2023,
MLI,Mali,SI.POV.DDAY,2023,
LBR,Liberia,SI.POV.DDAY,2023,
GNB,Guinea-Bissau,SI.POV.DDAY,2023,
GIN,Guinea,SI.POV.DDAY,2023,
GHA,Ghana,SI.POV.DDAY,2023,
GMB,"Gambia, The",SI.POV.DDAY,2023,
CIV,Cote d'Ivoire,SI.POV.DDAY,2023,
CPV,Cabo Verde,SI.POV.DDAY,2023,
BFA,Burkina Faso,SI.POV.DDAY,2023,
BEN,Benin,SI.POV.DDAY,2023,
TGO,Togo,NY.GDP.MKTP.KD.ZG,2023,6.19211576941919
SLE,Sierra Leone,NY.GDP.MKTP.KD.ZG,2023,5.7100218981806
SEN,Senegal,NY.GDP.MKTP.KD.ZG,2023,4.2574308328029
NGA,Nigeria,NY.GDP.MKTP.KD.ZG,2023,3.32684556421316
NER,Niger,NY.GDP.MKTP.KD.ZG,2023,1.66763406484279
MRT,Mauritania,NY.GDP.MKTP.KD.ZG,2023,6.80949001978621
MLI,Mali,NY.GDP.MKTP.KD.ZG,2023,4.72541109080376
LBR,Liberia,NY.GDP.MKTP.KD.ZG,2023,4.68375688761311
GNB,Guinea-Bissau,NY.GDP.MKTP.KD.ZG,2023,5.82749502627256
GIN,Guinea,NY.GDP.MKTP.KD.ZG,2023,5.54172668627702
GHA,Ghana,NY.GDP.MKTP.KD.ZG,2023,3.14009099763754
GMB,"Gambia, The",NY.GDP.MKTP.KD.ZG,2023,5.9167957146697
CIV,Cote d'Ivoire,NY.GDP.MKTP.KD.ZG,2023,6.60000045223954
CPV,Cabo Verde,NY.GDP.MKTP.KD.ZG,2023,4.7947613911073
BFA,Burkina Faso,NY.GDP.MKTP.KD.ZG,2023,3.00027415814125
BEN,Benin,NY.GDP.MKTP.KD.ZG,2023,6.3527773854442
TGO,Togo,NY.GDP.PCAP.CD,2024,1119.38160509429
SLE,Sierra Leone,NY.GDP.PCAP.CD,2024,806.654650417726
SEN,Senegal,NY.GDP.PCAP.CD,2024,1773.21829923448
NGA,Nigeria,NY.GDP.PCAP.CD,2024,1084.16041805436
NER,Niger,NY.GDP.PCAP.CD,2024,735.270255787226
MRT,Mauritania,NY.GDP.PCAP.CD,2024,2110.12036938187
MLI,Mali,NY.GDP.PCAP.CD,2024,1094.61949265799
LBR,Liberia,NY.GDP.PCAP.CD,2024,851.497723870206
GNB,Guinea-Bissau,NY.GDP.PCAP.CD,2024,1007.74151728028
GIN,Guinea,NY.GDP.PCAP.CD,2024,1694.95375862193
GHA,Ghana,NY.GDP.PCAP.CD,2024,2390.77237652715
GMB,"Gambia, The",NY.GDP.PCAP.CD,2024,871.340291776294
CIV,Cote d'Ivoire,NY.GDP.PCAP.CD,2024,2727.8935220697
CPV,Cabo Verde,NY.GDP.PCAP.CD,2024,5192.48157325878
BFA,Burkina Faso,NY.GDP.PCAP.CD,2024,981.992649769081
BEN,Benin,NY.GDP.PCAP.CD,2024,1485.38018885134
TGO,Togo,SP.POP.TOTL,2024,9515236.0
SLE,Sierra Leone,SP.POP.TOTL,2024,8642022.0
SEN,Senegal,SP.POP.TOTL,2024,18501984.0
NGA,Nigeria,SP.POP.TOTL,2024,232679478.0
NER,Niger,SP.POP.TOTL,2024,27032412.0
MRT,Mauritania,SP.POP.TOTL,2024,5169395.0
MLI,Mali,SP.POP.TOTL,2024,24478595.0
LBR,Liberia,SP.POP.TOTL,2024,5612817.0
GNB,Guinea-Bissau,SP.POP.TOTL,2024,2201352.0
GIN,Guinea,SP.POP.TOTL,2024,14754785.0
GHA,Ghana,SP.POP.TOTL,2024,34427414.0
GMB,"Gambia, The",SP.POP.TOTL,2024,2759988.0
CIV,Cote d'Ivoire,SP.POP.TOTL,2024,31934230.0
CPV,Cabo Verde,SP.POP.TOTL,2024,524877.0
BFA,Burkina Faso,SP.POP.TOTL,2024,23548781.0
BEN,Benin,SP.POP.TOTL,2024,14462724.0
TGO,Togo,SP.DYN.LE00.IN,2024,
SLE,Sierra Leone,SP.DYN.LE00.IN,2024,
SEN,Senegal,SP.DYN.LE00.IN,2024,
NGA,Nigeria,SP.DYN.LE00.IN,2024,
NER,Niger,SP.DYN.LE00.IN,2024,
MRT,Mauritania,SP.DYN.LE00.IN,2024,
MLI,Mali,SP.DYN.LE00.IN,2024,
LBR,Liberia,SP.DYN.LE00.IN,2024,
GNB,Guinea-Bissau,SP.DYN.LE00.IN,2024,
GIN,Guinea,SP.DYN.LE00.IN,2024,
GHA,Ghana,SP.DYN.LE00.IN,2024,
GMB,"Gambia, The",SP.DYN.LE00.IN,2024,
CIV,Cote d'Ivoire,SP.DYN.LE00.IN,2024,
CPV,Cabo Verde,SP.DYN.LE00.IN,2024,
BFA,Burkina Faso,SP.DYN.LE00.IN,2024,
BEN,Benin,SP.DYN.LE00.IN,2024,
TGO,Togo,SE.ADT.LITR.ZS,2024,
SLE,Sierra Leone,SE.ADT.LITR.ZS,2024,
SEN,Senegal,SE.ADT.LITR.ZS,2024,
NGA,Nigeria,SE.ADT.LITR.ZS,2024,70.4100036621094
NER,Niger,SE.ADT.LITR.ZS,2024,
MRT,Mauritania,SE.ADT.LITR.ZS,2024,
MLI,Mali,SE.ADT.LITR.ZS,2024,
LBR,Liberia,SE.ADT.LITR.ZS,2024,
GNB,Guinea-Bissau,SE.ADT.LITR.ZS,2024,
GIN,Guinea,SE.ADT.LITR.ZS,2024,
GHA,Ghana,SE.ADT.LITR.ZS,2024,
GMB,"Gambia, The",SE.ADT.LITR.ZS,2024,
CIV,Cote d'Ivoire,SE.ADT.LITR.ZS,2024,
CPV,Cabo Verde,SE.ADT.LITR.ZS,2024,88.4700012207031
BFA,Burkina Faso,SE.ADT.LITR.ZS,2024,
BEN,Benin,SE.ADT.LITR.ZS,2024,
TGO,Togo,SH.DYN.MORT,2024,
SLE,Sierra Leone,SH.DYN.MORT,2024,
SEN,Senegal,SH.DYN.MORT,2024,
NGA,Nigeria,SH.DYN.MORT,2024,
NER,Niger,SH.DYN.MORT,2024,
MRT,Mauritania,SH.DYN.MORT,2024,
MLI,Mali,SH.DYN.MORT,2024,
LBR,Liberia,SH.DYN.MORT,2024,
GNB,Guinea-Bissau,SH.DYN.MORT,2024,
GIN,Guinea,SH.DYN.MORT,2024,
GHA,Ghana,SH.DYN.MORT,2024,
GMB,"Gambia, The",SH.DYN.MORT,2024,
CIV,Cote d'Ivoire,SH.DYN.MORT,2024,
CPV,Cabo Verde,SH.DYN.MORT,2024,
BFA,Burkina Faso,SH.DYN.MORT,2024,
BEN,Benin,SH.DYN.MORT,2024,
TGO,Togo,IT.NET.USER.ZS,2024,
SLE,Sierra Leone,IT.NET.USER.ZS,2024,
SEN,Senegal,IT.NET.USER.ZS,2024,
NGA,Nigeria,IT.NET.USER.ZS,2024,
NER,Niger,IT.NET.USER.ZS,2024,
MRT,Mauritania,IT.NET.USER.ZS,2024,
MLI,Mali,IT.NET.USER.ZS,2024,
LBR,Liberia,IT.NET.USER.ZS,2024,
GNB,Guinea-Bissau,IT.NET.USER.ZS,2024,
GIN,Guinea,IT.NET.USER.ZS,2024,
GHA,Ghana,IT.NET.USER.ZS,2024,
GMB,"Gambia, The",IT.NET.USER.ZS,2024,
CIV,Cote d'Ivoire,IT.NET.USER.ZS,2024,
CPV,Cabo Verde,IT.NET.USER.ZS,2024,
BFA,Burkina Faso,IT.NET.USER.ZS,2024,
BEN,Benin,IT.NET.USER.ZS,2024,
TGO,Togo,SL.UEM.TOTL.ZS,2024,1.94
SLE,Sierra Leone,SL.UEM.TOTL.ZS,2024,3.126
SEN,Senegal,SL.UEM.TOTL.ZS,2024,2.992
NGA,Nigeria,SL.UEM.TOTL.ZS,2024,2.989
NER,Niger,SL.UEM.TOTL.ZS,2024,0.355
MRT,Mauritania,SL.UEM.TOTL.ZS,2024,10.373
MLI,Mali,SL.UEM.TOTL.ZS,2024,3.06
LBR,Liberia,SL.UEM.TOTL.ZS,2024,2.882
GNB,Guinea-Bissau,SL.UEM.TOTL.ZS,2024,2.622
GIN,Guinea,SL.UEM.TOTL.ZS,2024,5.23
GHA,Ghana,SL.UEM.TOTL.ZS,2024,3.007
GMB,"Gambia, The",SL.UEM.TOTL.ZS,2024,6.496
CIV,Cote d'Ivoire,SL.UEM.TOTL.ZS,2024,2.288
CPV,Cabo Verde,SL.UEM.TOTL.ZS,2024,11.878
BFA,Burkina Faso,SL.UEM.TOTL.ZS,2024,5.166
BEN,Benin,SL.UEM.TOTL.ZS,2024,1.722
TGO,Togo,EG.ELC.ACCS.ZS,2024,
SLE,Sierra Leone,EG.ELC.ACCS.ZS,2024,
SEN,Senegal,EG.ELC.ACCS.ZS,2024,
NGA,Nigeria,EG.ELC.ACCS.ZS,2024,
NER,Niger,EG.ELC.ACCS.ZS,2024,
MRT,Mauritania,EG.ELC.ACCS.ZS,2024,
MLI,Mali,EG.ELC.ACCS.ZS,2024,
LBR,Liberia,EG.ELC.ACCS.ZS,2024,
GNB,Guinea-Bissau,EG.ELC.ACCS.ZS,2024,
GIN,Guinea,EG.ELC.ACCS.ZS,2024,
GHA,Ghana,EG.ELC.ACCS.ZS,2024,
GMB,"Gambia, The",EG.ELC.ACCS.ZS,2024,
CIV,Cote d'Ivoire,EG.ELC.ACCS.ZS,2024,
CPV,Cabo Verde,EG.ELC.ACCS.ZS,2024,
BFA,Burkina Faso,EG.ELC.ACCS.ZS,2024,
BEN,Benin,EG.ELC.ACCS.ZS,2024,
TGO,Togo,SI.POV.DDAY,2024,
SLE,Sierra Leone,SI.POV.DDAY,2024,
SEN,Senegal,SI.POV.DDAY,2024,
NGA,Nigeria,SI.POV.DDAY,2024,
NER,Niger,SI.POV.DDAY,2024,
MRT,Mauritania,SI.POV.DDAY,2024,
MLI,Mali,SI.POV.DDAY,2024,
LBR,Liberia,SI.POV.DDAY,2024,
GNB,Guinea-Bissau,SI.POV.DDAY,2024,
GIN,Guinea,SI.POV.DDAY,2024,
GHA,Ghana,SI.POV.DDAY,2024,
GMB,"Gambia, The",SI.POV.DDAY,2024,
CIV,Cote d'Ivoire,SI.POV.DDAY,2024,
CPV,Cabo Verde,SI.POV.DDAY,2024,
BFA,Burkina Faso,SI.POV.DDAY,2024,
BEN,Benin,SI.POV.DDAY,2024,
TGO,Togo,NY.GDP.MKTP.KD.ZG,2024,6.53204505563791
SLE,Sierra Leone,NY.GDP.MKTP.KD.ZG,2024,4.29322336690163
SEN,Senegal,NY.GDP.MKTP.KD.ZG,2024,6.06055141198976
NGA,Nigeria,NY.GDP.MKTP.KD.ZG,2024,4.06236408888319
NER,Niger,NY.GDP.MKTP.KD.ZG,2024,10.3000000007793
MRT,Mauritania,NY.GDP.MKTP.KD.ZG,2024,6.30760213290844
MLI,Mali,NY.GDP.MKTP.KD.ZG,2024,4.99226917482922
LBR,Liberia,NY.GDP.MKTP.KD.ZG,2024,4.02185464964835
GNB,Guinea-Bissau,NY.GDP.MKTP.KD.ZG,2024,4.14631137217332
GIN,Guinea,NY.GDP.MKTP.KD.ZG,2024,5.35004659051708
GHA,Ghana,NY.GDP.MKTP.KD.ZG,2024,5.59045469593266
GMB,"Gambia, The",NY.GDP.MKTP.KD.ZG,2024,5.55126069510321
CIV,Cote d'Ivoire,NY.GDP.MKTP.KD.ZG,2024,6.01953461940062
CPV,Cabo Verde,NY.GDP.MKTP.KD.ZG,2024,7.24388538990945
BFA,Burkina Faso,NY.GDP.MKTP.KD.ZG,2024,4.79980951667159
BEN,Benin,NY.GDP.MKTP.KD.ZG,2024,7.45311566226201
